survey,siteID,phase,area,sub_phase,palatial,siteUID,surUID,cat_area,centroid_x,centroid_y,rarea,radius,density,catch_area,catch_radius,,,
GOU,1,EMIII-MMIA,0,EMIII-MMIA,prepal,1,G1,100,662203,3886800,100,5.642,0.5,0.3,30.90193616,,,
GOU,1,MMIB-II,0,MMIB-II,proto,1,G1,30000,662259,3886710,30000,97.721,450,270,927.0580849,,,
GOU,2,HEL-RMN,0,CLASSICAL,greco-rmn,138,G2,1000,661794,3887440,1000,17.841,5,3,97.72050238,,,
GOU,2,HEL-RMN,0,CLASSICAL,greco-rmn,139,G2,700,662082,3887170,700,14.927,3.5,2.1,81.75883811,,,
GOU,2,ORIENT-ARCH,0,ORIENT-ARCH,greek,1,G2,100,662102,3887220,100,5.642,0.5,0.3,30.90193616,,,
GOU,2,MMIB-II,0,MMIB-II,proto,2,G2,1200,662102,3887220,1200,19.544,6,3.6,107.047447,,,
GOU,3,FN,0,FN,prepal,1,G3,100,662249,3886210,100,5.642,0.5,0.3,30.90193616,,,
GOU,3,EMI-II,0,EMI-II,prepal,1,G3,8400,662202,3886260,8400,51.709,84,50.4,400.5348707,,,
GOU,4,EMI-II,0,EMI-II,prepal,2,G4,100,661848,3887430,100,5.642,0.5,0.3,30.90193616,,,
GOU,4,MMIII-LMI,0,MMIII-LMI,neo,1,G4,1600,661868,3887390,1600,22.568,8,4.8,123.6077446,,,
GOU,4,MMIB-II,0,MMIB-II,proto,3,G4,1600,661875,3887390,1600,22.568,8,4.8,123.6077446,,,
GOU,5,HEL-RMN,0,HELLENISTIC,greco-rmn,1,G5,700,661785,3887450,700,14.927,3.5,2.1,81.75883811,,,
GOU,5,MMIB-II,0,MMIB-II,proto,4,G5,700,661815,3887450,700,14.927,3.5,2.1,81.75883811,,,
GOU,5,MMIII-LMI,0,MMIII-LMI,neo,2,G5,700,661825,3887460,700,14.927,3.5,2.1,81.75883811,,,
GOU,6,MMIII-LMI,0,MMIII-LMI,neo,3,G6,3400,662475,3886350,3400,32.898,34,20.4,254.8238937,,,
GOU,6,MMIB-II,0,MMIB-II,proto,5,G6,3400,662479,3886360,3400,32.898,34,20.4,254.8238937,,,
GOU,6,EMI-II,0,EMI-II,prepal,3,G6,40000,662603,3886120,40000,112.838,800,480,1236.077446,,,
GOU,7,EMI-II,0,EMI-II,prepal,4,G7,2400,662637,3887000,2400,27.64,12,7.2,151.3879513,,,
GOU,7,MMIB-II,0,MMIB-II,proto,6,G7,3000,662615,3886960,3000,30.902,30,18,239.3653682,,,
GOU,8,EMIII-MMIA,0,EMIII-MMIA,prepal,2,G8,15000,663144,3886470,15000,69.099,150,90,535.2372348,,,
GOU,8,EMI-II,0,EMI-II,prepal,5,G8,15000,663147,3886490,15000,69.099,150,90,535.2372348,,,
GOU,8,LMIIIA-IIIB,0,LMIIIA-IIIB,postpal,1,G8,15000,663170,3886590,15000,69.099,150,90,535.2372348,,,
GOU,8,MMIII-LMI,0,MMIII-LMI,neo,4,G8,33750,663309,3886640,33750,103.648,506.25,303.75,983.2935875,,,
GOU,8,MMIB-II,0,MMIB-II,proto,7,G8,62500,663172,3886590,62500,141.047,1250,750,1545.096808,,,
GOU,9,HEL-RMN,0,ROMAN,greco-rmn,14,G9,10000,663174,3886320,10000,56.419,100,60,437.0193722,,,
GOU,10,MMIII-LMI,0,MMIII-LMI,neo,4,G10,1250,663309,3886640,1250,19.947,6.25,3.75,109.2548431,,,
GOU,10,FN,0,FN,prepal,2,G10,100,663367,3886760,100,5.642,0.5,0.3,30.90193616,,,
GOU,10,EMIII-MMIA,0,EMIII-MMIA,prepal,3,G10,9000,663432,3886710,9000,53.524,90,54,414.5929794,,,
GOU,10,EMI-II,0,EMI-II,prepal,6,G10,9000,663433,3886770,9000,53.524,90,54,414.5929794,,,
GOU,10,MMIB-II,0,MMIB-II,proto,8,G10,41250,663431,3886690,41250,114.587,825,495,1255.242581,,,
GOU,11,EMIII-MMIA,0,EMIII-MMIA,prepal,4,G11,2000,663315,3886020,2000,25.231,10,6,138.1976598,,,
GOU,11,MMIII-LMI,0,MMIII-LMI,neo,5,G11,15000,663333,3885980,15000,69.099,150,90,535.2372348,,,
GOU,11,MMIB-II,0,MMIB-II,proto,9,G11,15000,663334,3885960,15000,69.099,150,90,535.2372348,,,
GOU,12,MMIB-II,0,MMIB-II,proto,10,G12,1200,663160,3885600,1200,19.544,6,3.6,107.047447,,,
GOU,12,MMIII-LMI,0,MMIII-LMI,neo,6,G12,1200,663176,3885660,1200,19.544,6,3.6,107.047447,,,
GOU,13,MMIB-II,0,MMIB-II,proto,11,G13,400,663323,3885400,400,11.284,2,1.2,61.80387232,,,
GOU,13,MMIII-LMI,0,MMIII-LMI,neo,7,G13,400,663330,3885390,400,11.284,2,1.2,61.80387232,,,
GOU,14,EMI-II,0,EMI-II,prepal,7,G14,2000,663634,3886120,2000,25.231,10,6,138.1976598,,,
GOU,14,MMIII-LMI,0,MMIII-LMI,neo,8,G14,100,663668,3886090,100,5.642,0.5,0.3,30.90193616,,,
GOU,14,EMIII-MMIA,0,EMIII-MMIA,prepal,5,G14,2600,663636,3886110,2600,28.768,26,15.6,222.8370307,,,
GOU,14,MMIB-II,0,MMIB-II,proto,12,G14,17000,663660,3886120,17000,73.561,170,102,569.8035485,,,
GOU,15,MMIII-LMI,0,MMIII-LMI,neo,9,G15,6000,664018,3886000,6000,43.702,60,36,338.5137501,,,
GOU,16,MMIB-II,0,MMIB-II,proto,13,G16,6000,664101,3886150,6000,43.702,60,36,338.5137501,,,
GOU,16,MMIII-LMI,0,MMIII-LMI,neo,10,G16,6000,664185,3886160,6000,43.702,60,36,338.5137501,,,
GOU,17,HEL-RMN,0,ROMAN,greco-rmn,15,G17,5000,664090,3886520,5000,39.894,50,30,309.0193616,,,
GOU,17,EMIII-MMIA,0,EMIII-MMIA,prepal,6,G17,18800,664093,3886540,18800,77.358,188,112.8,599.2107739,,,
GOU,17,MMIB-II,0,MMIB-II,proto,14,G17,22500,664074,3886520,22500,84.628,337.5,202.5,802.8558523,,,
GOU,20,MMIII-LMI,0,MMIII-LMI,neo,13,G20,5000,664437,3886240,5000,39.894,50,30,309.0193616,,,
GOU,20,MMIB-II,0,MMIB-II,proto,16,G20,5000,664470,3886260,5000,39.894,50,30,309.0193616,,,
GOU,21,HEL-RMN,0,ROMAN,greco-rmn,16,G21,8400,664762,3886300,8400,51.709,84,50.4,400.5348707,,,
GOU,22,EMI-II,0,EMI-II,prepal,8,G22,2000,665109,3886300,2000,25.231,10,6,138.1976598,,,
GOU,22,MMIB-II,0,MMIB-II,proto,17,G22,4900,665105,3886310,4900,39.493,49,29.4,305.9135606,,,
GOU,23,HEL-RMN,0,CLASSICAL,greco-rmn,140,G23,2000,665193,3886520,2000,25.231,10,6,138.1976598,,,
GOU,23,HEL-RMN,0,HELLENISTIC,greco-rmn,2,G23,2000,665197,3886530,2000,25.231,10,6,138.1976598,,,
GOU,23,EMI-II,0,EMI-II,prepal,9,G23,30000,665195,3886520,30000,97.721,450,270,927.0580849,,,
GOU,24,MMIB-II,0,MMIB-II,proto,18,G24,4500,665276,3886180,4500,37.847,45,27,293.1615071,,,
GOU,24,MMIII-LMI,0,MMIII-LMI,neo,14,G24,4500,665319,3886190,4500,37.847,45,27,293.1615071,,,
GOU,25,MMIII-LMI,0,MMIII-LMI,neo,15,G25,3600,664707,3886020,3600,33.851,36,21.6,262.2116233,,,
GOU,25,MMIB-II,0,MMIB-II,proto,19,G25,3600,664764,3885950,3600,33.851,36,21.6,262.2116233,,,
GOU,26,MMIB-II,0,MMIB-II,proto,20,G26,900,664844,3885570,900,16.926,4.5,2.7,92.70580849,,,
GOU,26,EMI-II,0,EMI-II,prepal,11,G26,2100,664879,3885660,2100,25.854,10.5,6.3,141.6104616,,,
GOU,26,EMIII-MMIA,0,EMIII-MMIA,prepal,7,G26,3700,664833,3885690,3700,34.318,37,22.2,265.8285062,,,
GOU,27,MMIII-LMI,0,MMIII-LMI,neo,16,G27,400,664399,3885450,400,11.284,2,1.2,61.80387232,,,
GOU,27,MMIB-II,0,MMIB-II,proto,21,G27,400,664409,3885400,400,11.284,2,1.2,61.80387232,,,
GOU,28,EMI-II,0,EMI-II,prepal,12,G28,4900,664915,3885370,4900,39.493,49,29.4,305.9135606,,,
GOU,28,EMIII-MMIA,0,EMIII-MMIA,prepal,8,G28,4900,664930,3885320,4900,39.493,49,29.4,305.9135606,,,
GOU,28,MMIB-II,0,MMIB-II,proto,22,G28,4900,664955,3885310,4900,39.493,49,29.4,305.9135606,,,
GOU,28,HEL-RMN,0,ROMAN,greco-rmn,17,G28,7000,664970,3885300,7000,47.203,70,42,365.6366396,,,
GOU,29,EMI-II,0,EMI-II,prepal,13,G29,200,664935,3885230,200,7.979,1,0.6,43.70193722,,,
GOU,30,EMIII-MMIA,0,EMIII-MMIA,prepal,9,G30,1700,665001,3884960,1700,23.262,8.5,5.1,127.4119468,,,
GOU,31,MMIB-II,0,MMIB-II,proto,23,G31,400,664665,3884560,400,11.284,2,1.2,61.80387232,,,
GOU,31,MMIII-LMI,0,MMIII-LMI,neo,17,G31,400,664665,3884560,400,11.284,2,1.2,61.80387232,,,
GOU,31,EMIII-MMIA,0,EMIII-MMIA,prepal,10,G31,400,664681,3884600,400,11.284,2,1.2,61.80387232,,,
GOU,31,EMI-II,0,EMI-II,prepal,16,G31,400,664687,3884560,400,11.284,2,1.2,61.80387232,,,
GOU,32,MMIII-LMI,0,MMIII-LMI,neo,18,G32,1400,664898,3884400,1400,21.11,7,4.2,115.6244577,,,
GOU,32,MMIB-II,0,MMIB-II,proto,24,G32,1400,664914,3884440,1400,21.11,7,4.2,115.6244577,,,
GOU,32,HEL-RMN,0,HELLENISTIC,greco-rmn,3,G32,100,664955,3884440,100,5.642,0.5,0.3,30.90193616,,,
GOU,32,HEL-RMN,0,ROMAN,greco-rmn,18,G32,400,664955,3884440,400,11.284,2,1.2,61.80387232,,,
GOU,33,HEL-RMN,0,HELLENISTIC,greco-rmn,4,G33,100,664622,3884090,100,5.642,0.5,0.3,30.90193616,,,
GOU,33,EMIII-MMIA,0,EMIII-MMIA,prepal,11,G33,8100,664588,3884090,8100,50.777,81,48.6,393.317435,,,
GOU,33,MMIB-II,0,MMIB-II,proto,25,G33,8100,664607,3884090,8100,50.777,81,48.6,393.317435,,,
GOU,33,EMI-II,0,EMI-II,prepal,17,G33,3600,664635,3884090,3600,33.851,36,21.6,262.2116233,,,
GOU,33,HEL-RMN,0,ROMAN,greco-rmn,19,G33,62500,664622,3884090,62500,141.047,1250,750,1545.096808,,,
GOU,34,MMIII-LMI,0,MMIII-LMI,neo,19,G34,100,667795,3886830,100,5.642,0.5,0.3,30.90193616,,,
GOU,34,MMIB-II,0,MMIB-II,proto,26,G34,100,667802,3886800,100,5.642,0.5,0.3,30.90193616,,,
GOU,35,MMIII-LMI,0,MMIII-LMI,neo,20,G35,900,667674,3886680,900,16.926,4.5,2.7,92.70580849,,,
GOU,39,MMIII-LMI,0,MMIII-LMI,neo,21,G39,1200,665026,3884080,1200,19.544,6,3.6,107.047447,,,
GOU,39,MMIB-II,0,MMIB-II,proto,27,G39,1200,665028,3884070,1200,19.544,6,3.6,107.047447,,,
GOU,40,HEL-RMN,0,ROMAN,greco-rmn,20,G40,4000,665025,3883870,4000,35.682,40,24,276.3953196,,,
GOU,41,HEL-RMN,0,ROMAN,greco-rmn,21,G41,13500,664874,3883630,13500,65.553,135,81,507.7706252,,,
GOU,42,HEL-RMN,0,ROMAN,greco-rmn,22,G42,4000,665052,3883580,4000,35.682,40,24,276.3953196,,,
GOU,43,MMIB-II,0,MMIB-II,proto,28,G43,300,665525,3885850,300,9.772,1.5,0.9,53.52372348,,,
GOU,43,MMIII-LMI,0,MMIII-LMI,neo,22,G43,300,665527,3885820,300,9.772,1.5,0.9,53.52372348,,,
GOU,44,EMIII-MMIA,0,EMIII-MMIA,prepal,12,G44,1100,666255,3886060,1100,18.712,5.5,3.3,102.4901275,,,
GOU,44,MMIB-II,0,MMIB-II,proto,29,G44,1100,666293,3886070,1100,18.712,5.5,3.3,102.4901275,,,
GOU,45,EMIII-MMIA,0,EMIII-MMIA,prepal,13,G45,100,666261,3886100,100,5.642,0.5,0.3,30.90193616,,,
GOU,45,MMIB-II,0,MMIB-II,proto,30,G45,100,666261,3886100,100,5.642,0.5,0.3,30.90193616,,,
GOU,45,MMIII-LMI,0,MMIII-LMI,neo,23,G45,100,666261,3886100,100,5.642,0.5,0.3,30.90193616,,,
GOU,46,HEL-RMN,0,ROMAN,greco-rmn,23,G46,6000,666475,3886150,6000,43.702,60,36,338.5137501,,,
GOU,46,MMIII-LMI,0,MMIII-LMI,neo,24,G46,4500,666560,3886110,4500,37.847,45,27,293.1615071,,,
GOU,46,MMIB-II,0,MMIB-II,proto,31,G46,4500,666653,3886180,4500,37.847,45,27,293.1615071,,,
GOU,47,MMIII-LMI,0,MMIII-LMI,neo,25,G47,4800,667944,3887220,4800,39.088,48,28.8,302.7759026,,,
GOU,48,MMIII-LMI,0,MMIII-LMI,neo,26,G48,1200,667851,3887190,1200,19.544,6,3.6,107.047447,,,
GOU,49,MMIB-II,0,MMIB-II,proto,32,G49,100,668050,3887070,100,5.642,0.5,0.3,30.90193616,,,
GOU,49,MMIII-LMI,0,MMIII-LMI,neo,27,G49,100,668063,3887120,100,5.642,0.5,0.3,30.90193616,,,
GOU,50,MMIII-LMI,0,MMIII-LMI,neo,28,G50,1000,668133,3886910,1000,17.841,5,3,97.72050238,,,
GOU,51,MMIB-II,0,MMIB-II,proto,33,G51,3900,668248,3886730,3900,35.234,39,23.4,272.9185105,,,
GOU,51,MMIII-LMI,0,MMIII-LMI,neo,29,G51,3900,668319,3886800,3900,35.234,39,23.4,272.9185105,,,
GOU,52,MMIB-II,0,MMIB-II,proto,34,G52,1200,668471,3886840,1200,19.544,6,3.6,107.047447,,,
GOU,52,MMIII-LMI,0,MMIII-LMI,neo,30,G52,100,668549,3886890,100,5.642,0.5,0.3,30.90193616,,,
GOU,53,MMIII-LMI,0,MMIII-LMI,neo,31,G53,400,668062,3886840,400,11.284,2,1.2,61.80387232,,,
GOU,54,EMIII-MMIA,0,EMIII-MMIA,prepal,14,G54,100,667595,3886630,100,5.642,0.5,0.3,30.90193616,,,
GOU,54,MMIII-LMI,0,MMIII-LMI,neo,32,G54,3600,667504,3886690,3600,33.851,36,21.6,262.2116233,,,
GOU,54,MMIB-II,0,MMIB-II,proto,35,G54,3600,667615,3886700,3600,33.851,36,21.6,262.2116233,,,
GOU,55,MMIII-LMI,0,MMIII-LMI,neo,33,G55,300,667433,3886560,300,9.772,1.5,0.9,53.52372348,,,
GOU,55,MMIB-II,0,MMIB-II,proto,36,G55,300,667453,3886580,300,9.772,1.5,0.9,53.52372348,,,
GOU,56,MMIII-LMI,0,MMIII-LMI,neo,34,G56,100,667354,3886430,100,5.642,0.5,0.3,30.90193616,,,
GOU,56,HEL-RMN,0,ROMAN,greco-rmn,24,G56,2000,667413,3886320,2000,25.231,10,6,138.1976598,,,
GOU,57,MMIB-II,0,MMIB-II,proto,37,G57,1000,667401,3886420,1000,17.841,5,3,97.72050238,,,
GOU,58,MMIII-LMI,0,MMIII-LMI,neo,35,G58,2500,667401,3886350,2500,28.209,25,15,218.5096861,,,
GOU,59,MMIII-LMI,0,MMIII-LMI,neo,36,G59,1400,667295,3886230,1400,21.11,7,4.2,115.6244577,,,
GOU,60,EMIII-MMIA,0,EMIII-MMIA,prepal,15,G60,100,667051,3886360,100,5.642,0.5,0.3,30.90193616,,,
GOU,60,MMIB-II,0,MMIB-II,proto,38,G60,34000,666986,3886410,34000,104.031,510,306,986.9286964,,,
GOU,60,MMIII-LMI,0,MMIII-LMI,neo,37,G60,34000,667006,3886290,34000,104.031,510,306,986.9286964,,,
GOU,61,MMIII-LMI,0,MMIII-LMI,neo,38,G61,3600,666946,3885750,3600,33.851,36,21.6,262.2116233,,,
GOU,61,MMIB-II,0,MMIB-II,proto,39,G61,4500,666997,3885710,4500,37.847,45,27,293.1615071,,,
GOU,61,HEL-RMN,0,ROMAN,greco-rmn,25,G61,52800,667015,3885670,52800,129.641,1056,633.6,1420.144865,,,
GOU,62,MMIII-LMI,0,MMIII-LMI,neo,39,G62,200,667350,3885760,200,7.979,1,0.6,43.70193722,,,
GOU,62,MMIB-II,0,MMIB-II,proto,40,G62,200,667352,3885780,200,7.979,1,0.6,43.70193722,,,
GOU,63,MMIB-II,0,MMIB-II,proto,41,G63,300,666876,3885650,300,9.772,1.5,0.9,53.52372348,,,
GOU,63,EMIII-MMIA,0,EMIII-MMIA,prepal,16,G63,300,666970,3885620,300,9.772,1.5,0.9,53.52372348,,,
GOU,64,MMIB-II,0,MMIB-II,proto,42,G64,3300,667103,3885310,3300,32.41,33,19.8,251.0485162,,,
GOU,64,MMIII-LMI,0,MMIII-LMI,neo,40,G64,3300,667103,3885290,3300,32.41,33,19.8,251.0485162,,,
GOU,65,EMI-II,0,EMI-II,prepal,18,G65,100,666811,3884690,100,5.642,0.5,0.3,30.90193616,,,
GOU,65,EMIII-MMIA,0,EMIII-MMIA,prepal,17,G65,3200,666842,3884710,3200,31.915,32,19.2,247.2154893,,,
GOU,65,MMIB-II,0,MMIB-II,proto,43,G65,7200,666873,3884670,7200,47.873,72,43.2,370.8232339,,,
GOU,65,MMIII-LMI,0,MMIII-LMI,neo,41,G65,9900,666877,3884700,9900,56.136,99,59.4,434.8287851,,,
GOU,66,HEL-RMN,0,HELLENISTIC,greco-rmn,5,G66,2000,666848,3884140,2000,25.231,10,6,138.1976598,,,
GOU,66,MMIB-II,0,MMIB-II,proto,44,G66,4400,666848,3884100,4400,37.424,44,26.4,289.8858568,,,
GOU,66,MMIII-LMI,0,MMIII-LMI,neo,42,G66,4400,666849,3884150,4400,37.424,44,26.4,289.8858568,,,
GOU,66,HEL-RMN,0,ROMAN,greco-rmn,26,G66,2800,666855,3884150,2800,29.854,28,16.8,231.2489154,,,
GOU,67,LMIIIC-GEO,0,LMIIIC,sub-min,1,G67,100,666876,3883860,100,5.642,0.5,0.3,30.90193616,,,
GOU,67,HEL-RMN,0,ROMAN,greco-rmn,27,G67,100,666880,3883840,100,5.642,0.5,0.3,30.90193616,,,
GOU,67,EMI-II,0,EMI-II,prepal,19,G67,900,666911,3883800,900,16.926,4.5,2.7,92.70580849,,,
GOU,67,MMIII-LMI,0,MMIII-LMI,neo,43,G67,4500,666888,3883860,4500,37.847,45,27,293.1615071,,,
GOU,67,MMIB-II,0,MMIB-II,proto,45,G67,4500,666899,3883830,4500,37.847,45,27,293.1615071,,,
GOU,68,LMIIIC-GEO,0,LMIIIC,sub-min,2,G68,2000,666605,3883760,2000,25.231,10,6,138.1976598,,,
GOU,68,MMIB-II,0,MMIB-II,proto,46,G68,1600,666695,3883750,1600,22.568,8,4.8,123.6077446,,,
GOU,68,MMIII-LMI,0,MMIII-LMI,neo,44,G68,3000,666640,3883780,3000,30.902,30,18,239.3653682,,,
GOU,69,MMIII-LMI,0,MMIII-LMI,neo,45,G69,800,666407,3883330,800,15.958,4,2.4,87.40387445,,,
GOU,69,MMIB-II,0,MMIB-II,proto,47,G69,800,666414,3883410,800,15.958,4,2.4,87.40387445,,,
GOU,70,MMIII-LMI,0,MMIII-LMI,neo,46,G70,100,666555,3883270,100,5.642,0.5,0.3,30.90193616,,,
GOU,70,HEL-RMN,0,ROMAN,greco-rmn,28,G70,400,666592,3883230,400,11.284,2,1.2,61.80387232,,,
GOU,70,EMI-II,0,EMI-II,prepal,20,G70,200,666621,3883260,200,7.979,1,0.6,43.70193722,,,
GOU,70,MMIB-II,0,MMIB-II,proto,48,G70,2800,666556,3883250,2800,29.854,28,16.8,231.2489154,,,
GOU,70,LMIIIC-GEO,0,LMIIIC,sub-min,3,G70,49600,666578,3883220,49600,125.651,992,595.2,1376.437591,,,
GOU,71,HEL-RMN,0,ROMAN,greco-rmn,29,G71,35000,665816,3883380,35000,105.55,525,315,1001.337177,,,
GOU,72,HEL-RMN,0,ROMAN,greco-rmn,30,G72,2000,666441,3883140,2000,25.231,10,6,138.1976598,,,
GOU,73,HEL-RMN,0,ROMAN,greco-rmn,31,G73,15000,665957,3883100,15000,69.099,150,90,535.2372348,,,
GOU,74,HEL-RMN,0,ROMAN,greco-rmn,32,G74,2300,665411,3883060,2300,27.058,11.5,6.9,148.2004796,,,
GOU,75,MMIB-II,0,MMIB-II,proto,49,G75,500,665991,3882610,500,12.616,2.5,1.5,69.09882989,,,
GOU,75,MMIII-LMI,0,MMIII-LMI,neo,47,G75,500,665991,3882610,500,12.616,2.5,1.5,69.09882989,,,
GOU,76,MMIB-II,0,MMIB-II,proto,50,G76,2700,665830,3882720,2700,29.316,27,16.2,227.081927,,,
GOU,76,MMIII-LMI,0,MMIII-LMI,neo,48,G76,2700,665865,3882750,2700,29.316,27,16.2,227.081927,,,
GOU,77,HEL-RMN,0,HELLENISTIC,greco-rmn,6,G77,3800,665818,3882800,3800,34.779,38,22.8,269.3968338,,,
GOU,78,MMIB-II,0,MMIB-II,proto,51,G78,8300,665733,3882900,8300,51.4,83,49.8,398.1435964,,,
GOU,78,MMIII-LMI,0,MMIII-LMI,neo,49,G78,8300,665761,3882900,8300,51.4,83,49.8,398.1435964,,,
GOU,80,HEL-RMN,0,ROMAN,greco-rmn,33,G80,16800,665544,3882820,16800,73.127,168,100.8,566.4418463,,,
GOU,81,LMIIIC-GEO,0,LMIIIC,sub-min,5,G81,100,665279,3882920,100,5.642,0.5,0.3,30.90193616,,,
GOU,81,HEL-RMN,0,HELLENISTIC,greco-rmn,7,G81,100,665334,3882880,100,5.642,0.5,0.3,30.90193616,,,
GOU,81,LMIIIA-IIIB,0,LMIIIA-IIIB,postpal,4,G81,1800,665336,3882890,1800,23.937,9,5.4,131.1058117,,,
GOU,81,MMIII-LMI,0,MMIII-LMI,neo,50,G81,2900,665328,3882910,2900,30.383,29,17.4,235.3421343,,,
GOU,82,MMIII-LMI,0,MMIII-LMI,neo,51,G82,2800,665065,3882440,2800,29.854,28,16.8,231.2489154,,,
GOU,82,MMIB-II,0,MMIB-II,proto,52,G82,2800,665067,3882430,2800,29.854,28,16.8,231.2489154,,,
GOU,83,MMIB-II,0,MMIB-II,proto,53,G83,10500,665716,3882360,10500,57.812,105,63,447.8115991,,,
GOU,83,LMIIIC-GEO,0,LMIIIC,sub-min,6,G83,4600,665720,3882370,4600,38.265,46,27.6,296.4009592,,,
GOU,83,MMIII-LMI,0,MMIII-LMI,neo,52,G83,4800,665789,3882390,4800,39.088,48,28.8,302.7759026,,,
GOU,84,LMIIIC-GEO,0,LMIIIC,sub-min,7,G84,1400,665883,3882250,1400,21.11,7,4.2,115.6244577,,,
GOU,84,LMIIIA-IIIB,0,LMIIIA-IIIB,postpal,5,G84,600,665897,3882260,600,13.82,3,1.8,75.69397566,,,
GOU,84,EMI-II,0,EMI-II,prepal,21,G84,400,665940,3882240,400,11.284,2,1.2,61.80387232,,,
GOU,84,MMIB-II,0,MMIB-II,proto,54,G84,19100,665865,3882240,19100,77.973,191,114.6,603.9727888,,,
GOU,84,EMIII-MMIA,0,EMIII-MMIA,prepal,18,G84,4600,665900,3882250,4600,38.265,46,27.6,296.4009592,,,
GOU,84,MMIII-LMI,0,MMIII-LMI,neo,53,G84,12000,665907,3882270,12000,61.804,120,72,478.7307365,,,
GOU,85,MMIII-LMI,0,MMIII-LMI,neo,54,G85,1600,665243,3882280,1600,22.568,8,4.8,123.6077446,,,
GOU,85,HEL-RMN,0,ROMAN,greco-rmn,34,G85,100,665244,3882250,100,5.642,0.5,0.3,30.90193616,,,
GOU,86,HEL-RMN,0,ROMAN,greco-rmn,35,G86,10000,664592,3882260,10000,56.419,100,60,437.0193722,,,
GOU,87,HEL-RMN,0,ROMAN,greco-rmn,36,G87,1100,664755,3882210,1100,18.712,5.5,3.3,102.4901275,,,
GOU,88,HEL-RMN,0,HELLENISTIC,greco-rmn,8,G88,100,665250,3882080,100,5.642,0.5,0.3,30.90193616,,,
GOU,88,HEL-RMN,0,ROMAN,greco-rmn,37,G88,45000,665250,3882080,45000,119.683,900,540,1311.058117,,,
GOU,89,HEL-RMN,0,HELLENISTIC,greco-rmn,9,G89,100,665632,3882090,100,5.642,0.5,0.3,30.90193616,,,
GOU,90,EMI-II,0,EMI-II,prepal,22,G90,1300,665420,3882030,1300,20.342,6.5,3.9,111.4185153,,,
GOU,90,EMIII-MMIA,0,EMIII-MMIA,prepal,19,G90,1300,665465,3881980,1300,20.342,6.5,3.9,111.4185153,,,
GOU,90,LMIIIC-GEO,0,LMIIIC,sub-min,8,G90,100,665513,3881980,100,5.642,0.5,0.3,30.90193616,,,
GOU,90,MMIII-LMI,0,MMIII-LMI,neo,55,G90,16500,665492,3881940,16500,72.471,165,99,561.3615478,,,
GOU,90,MMIB-II,0,MMIB-II,proto,55,G90,16500,665509,3881990,16500,72.471,165,99,561.3615478,,,
GOU,91,HEL-RMN,0,ROMAN,greco-rmn,38,G91,55000,665351,3881910,55000,132.314,1100,660,1449.429284,,,
GOU,92,HEL-RMN,0,ROMAN,greco-rmn,39,G92,900,665767,3881840,900,16.926,4.5,2.7,92.70580849,,,
GOU,92,MMIII-LMI,0,MMIII-LMI,neo,56,G92,900,665780,3881930,900,16.926,4.5,2.7,92.70580849,,,
GOU,93,MMIII-LMI,0,MMIII-LMI,neo,57,G93,500,665610,3881830,500,12.616,2.5,1.5,69.09882989,,,
GOU,94,MMIII-LMI,0,MMIII-LMI,neo,58,G94,5600,665678,3881740,5600,42.22,56,33.6,327.0353525,,,
GOU,95,MMIB-II,0,MMIB-II,proto,57,G95,2500,665989,3881740,2500,28.209,25,15,218.5096861,,,
GOU,96,MMIB-II,0,MMIB-II,proto,58,G96,1800,665862,3881580,1800,23.937,9,5.4,131.1058117,,,
GOU,97,EMIII-MMIA,0,EMIII-MMIA,prepal,20,G97,2400,665436,3881740,2400,27.64,12,7.2,151.3879513,,,
GOU,97,HEL-RMN,0,ROMAN,greco-rmn,40,G97,1600,665448,3881760,1600,22.568,8,4.8,123.6077446,,,
GOU,97,LMIIIC-GEO,0,LMIIIC,sub-min,9,G97,100,665493,3881780,100,5.642,0.5,0.3,30.90193616,,,
GOU,97,EMI-II,0,EMI-II,prepal,23,G97,4800,665455,3881780,4800,39.088,48,28.8,302.7759026,,,
GOU,97,MMIII-LMI,0,MMIII-LMI,neo,59,G97,27300,665467,3881750,27300,93.219,409.5,245.7,884.3570491,,,
GOU,97,MMIB-II,0,MMIB-II,proto,59,G97,27300,665498,3881750,27300,93.219,409.5,245.7,884.3570491,,,
GOU,98,MMIB-II,0,MMIB-II,proto,60,G98,100,665409,3881840,100,5.642,0.5,0.3,30.90193616,,,
GOU,98,EMI-II,0,EMI-II,prepal,24,G98,100,665424,3881890,100,5.642,0.5,0.3,30.90193616,,,
GOU,98,FN,0,FN,prepal,3,G98,900,665430,3881820,900,16.926,4.5,2.7,92.70580849,,,
GOU,99,EMIII-MMIA,0,EMIII-MMIA,prepal,21,G99,200,665147,3881760,200,7.979,1,0.6,43.70193722,,,
GOU,99,EMI-II,0,EMI-II,prepal,25,G99,230,665147,3881760,230,8.556,1.15,0.69,46.86510658,,,
GOU,99,MMIII-LMI,0,MMIII-LMI,neo,60,G99,400,665147,3881760,400,11.284,2,1.2,61.80387232,,,
GOU,99,MMIB-II,0,MMIB-II,proto,61,G99,400,665165,3881770,400,11.284,2,1.2,61.80387232,,,
GOU,100,LMIIIA-IIIB,0,LMIIIA-IIIB,postpal,6,G100,400,664921,3881900,400,11.284,2,1.2,61.80387232,,,
GOU,100,MMIII-LMI,0,MMIII-LMI,neo,61,G100,27000,664937,3881970,27000,92.706,405,243,879.4845214,,,
GOU,100,MMIB-II,0,MMIB-II,proto,62,G100,27000,664959,3881970,27000,92.706,405,243,879.4845214,,,
GOU,101,HEL-RMN,0,ROMAN,greco-rmn,41,G101,1500,664651,3881960,1500,21.851,7.5,4.5,119.6826841,,,
GOU,102,HEL-RMN,0,ROMAN,greco-rmn,42,G102,18900,664634,3881810,18900,77.563,189,113.4,600.802306,,,
GOU,103,HEL-RMN,0,ROMAN,greco-rmn,43,G103,1800,664456,3881690,1800,23.937,9,5.4,131.1058117,,,
GOU,104,LMIIIA-IIIB,0,LMIIIA-IIIB,postpal,7,G104,400,664664,3881580,400,11.284,2,1.2,61.80387232,,,
GOU,104,HEL-RMN,0,HELLENISTIC,greco-rmn,10,G104,100,664665,3881570,100,5.642,0.5,0.3,30.90193616,,,
GOU,104,MMIII-LMI,0,MMIII-LMI,neo,62,G104,600,664665,3881570,600,13.82,3,1.8,75.69397566,,,
GOU,104,MMIB-II,0,MMIB-II,proto,63,G104,900,664682,3881580,900,16.926,4.5,2.7,92.70580849,,,
GOU,104,HEL-RMN,0,ROMAN,greco-rmn,44,G104,70400,664685,3881580,70400,149.696,1408,844.8,1639.842041,,,
GOU,105,EMIII-MMIA,0,EMIII-MMIA,prepal,22,G105,1000,664339,3881360,1000,17.841,5,3,97.72050238,,,
GOU,105,EMI-II,0,EMI-II,prepal,26,G105,1000,664364,3881380,1000,17.841,5,3,97.72050238,,,
GOU,105,MMIB-II,0,MMIB-II,proto,64,G105,1000,664372,3881360,1000,17.841,5,3,97.72050238,,,
GOU,106,EMI-II,0,EMI-II,prepal,27,G106,900,664500,3881300,900,16.926,4.5,2.7,92.70580849,,,
GOU,107,LMIIIA-IIIB,0,LMIIIA-IIIB,postpal,8,G107,100,665245,3881340,100,5.642,0.5,0.3,30.90193616,,,
GOU,107,MMIB-II,0,MMIB-II,proto,65,G107,7000,665153,3881360,7000,47.203,70,42,365.6366396,,,
GOU,107,MMIII-LMI,0,MMIII-LMI,neo,63,G107,7000,665186,3881380,7000,47.203,70,42,365.6366396,,,
GOU,107,HEL-RMN,0,ROMAN,greco-rmn,45,G107,3200,665198,3881370,3200,31.915,32,19.2,247.2154893,,,
GOU,108,MMIB-II,0,MMIB-II,proto,66,G108,1600,665163,3881210,1600,22.568,8,4.8,123.6077446,,,
GOU,108,MMIII-LMI,0,MMIII-LMI,neo,64,G108,100,665183,3881220,100,5.642,0.5,0.3,30.90193616,,,
GOU,109,MMIB-II,0,MMIB-II,proto,67,G109,600,665663,3881230,600,13.82,3,1.8,75.69397566,,,
GOU,109,EMI-II,0,EMI-II,prepal,28,G109,1600,665678,3881220,1600,22.568,8,4.8,123.6077446,,,
GOU,109,MMIII-LMI,0,MMIII-LMI,neo,65,G109,600,665724,3881240,600,13.82,3,1.8,75.69397566,,,
GOU,110,HEL-RMN,0,ROMAN,greco-rmn,46,G110,1500,664923,3881030,1500,21.851,7.5,4.5,119.6826841,,,
GOU,112,MMIII-LMI,0,MMIII-LMI,neo,66,G112,500,665478,3881030,500,12.616,2.5,1.5,69.09882989,,,
GOU,112,MMIB-II,0,MMIB-II,proto,68,G112,2500,665481,3880850,2500,28.209,25,15,218.5096861,,,
GOU,113,HEL-RMN,0,ROMAN,greco-rmn,47,G113,3900,665431,3880766,3900,35.234,39,23.4,272.9185105,,,
GOU,114,HEL-RMN,0,HELLENISTIC,greco-rmn,11,G114,100,664854,3880820,100,5.642,0.5,0.3,30.90193616,,,
GOU,114,HEL-RMN,0,ROMAN,greco-rmn,48,G114,2700,664854,3880820,2700,29.316,27,16.2,227.081927,,,
GOU,114,MMIII-LMI,0,MMIII-LMI,neo,67,G114,5500,664861,3880830,5500,41.841,55,33,324.1022407,,,
GOU,114,EMIII-MMIA,0,EMIII-MMIA,prepal,23,G114,4800,664886,3880840,4800,39.088,48,28.8,302.7759026,,,
GOU,114,EMI-II,0,EMI-II,prepal,29,G114,7200,664886,3880840,7200,47.873,72,43.2,370.8232339,,,
GOU,114,MMIB-II,0,MMIB-II,proto,69,G114,11000,664888,3880790,11000,59.173,110,66,458.3497844,,,
GOU,117,EMI-II,0,EMI-II,prepal,30,G117,1400,665323,3880650,1400,21.11,7,4.2,115.6244577,,,
GOU,117,HEL-RMN,0,ROMAN,greco-rmn,49,G117,20400,665390,3880660,20400,80.582,306,183.6,764.471681,,,
GOU,118,EMI-II,0,EMI-II,prepal,31,G118,100,666116,3880640,100,5.642,0.5,0.3,30.90193616,,,
GOU,118,EMIII-MMIA,0,EMIII-MMIA,prepal,24,G118,4800,666141,3880660,4800,39.088,48,28.8,302.7759026,,,
GOU,118,MMIB-II,0,MMIB-II,proto,70,G118,4800,666141,3880660,4800,39.088,48,28.8,302.7759026,,,
GOU,118,MMIII-LMI,0,MMIII-LMI,neo,68,G118,4800,666155,3880680,4800,39.088,48,28.8,302.7759026,,,
GOU,119,EMI-II,0,EMI-II,prepal,32,G119,400,665884,3880480,400,11.284,2,1.2,61.80387232,,,
GOU,120,MMIII-LMI,0,MMIII-LMI,neo,69,G120,100,666558,3880130,100,5.642,0.5,0.3,30.90193616,,,
GOU,120,MMIB-II,0,MMIB-II,proto,71,G120,600,666558,3880130,600,13.82,3,1.8,75.69397566,,,
GOU,121,MMIII-LMI,0,MMIII-LMI,neo,70,G121,1500,665071,3880300,1500,21.851,7.5,4.5,119.6826841,,,
GOU,121,EMI-II,0,EMI-II,prepal,33,G121,1400,665083,3880300,1400,21.11,7,4.2,115.6244577,,,
GOU,122,HEL-RMN,0,ROMAN,greco-rmn,50,G122,6000,664937,3880210,6000,43.702,60,36,338.5137501,,,
GOU,123,MMIII-LMI,0,MMIII-LMI,neo,71,G123,1200,663772,3880640,1200,19.544,6,3.6,107.047447,,,
GOU,123,MMIB-II,0,MMIB-II,proto,72,G123,1200,663788,3880660,1200,19.544,6,3.6,107.047447,,,
GOU,123,EMI-II,0,EMI-II,prepal,34,G123,2600,663798,3880590,2600,28.768,26,15.6,222.8370307,,,
GOU,123,LMIIIA-IIIB,0,LMIIIA-IIIB,postpal,9,G123,8100,663807,3880650,8100,50.777,81,48.6,393.317435,,,
GOU,125,HEL-RMN,0,ROMAN,greco-rmn,51,G125,3600,663855,3880400,3600,33.851,36,21.6,262.2116233,,,
GOU,127,HEL-RMN,0,ROMAN,greco-rmn,52,G127,3200,663224,3880050,3200,31.915,32,19.2,247.2154893,,,
GOU,129,MMIII-LMI,0,MMIII-LMI,neo,72,G129,100,664739,3879890,100,5.642,0.5,0.3,30.90193616,,,
GOU,130,HEL-RMN,0,HELLENISTIC,greco-rmn,12,G130,100,664942,3879900,100,5.642,0.5,0.3,30.90193616,,,
GOU,130,HEL-RMN,0,ROMAN,greco-rmn,53,G130,100,664942,3879900,100,5.642,0.5,0.3,30.90193616,,,
GOU,130,EMI-II,0,EMI-II,prepal,35,G130,300,664949,3879870,300,9.772,1.5,0.9,53.52372348,,,
GOU,130,FN,0,FN,prepal,4,G130,2500,664924,3879920,2500,28.209,25,15,218.5096861,,,
GOU,131,MMIB-II,0,MMIB-II,proto,73,G131,1600,664644,3879590,1600,22.568,8,4.8,123.6077446,,,
GOU,131,EMIII-MMIA,0,EMIII-MMIA,prepal,25,G131,6400,664631,3879590,6400,45.135,64,38.4,349.6154978,,,
GOU,131,EMI-II,0,EMI-II,prepal,36,G131,2800,664651,3879630,2800,29.854,28,16.8,231.2489154,,,
GOU,132,EMI-II,0,EMI-II,prepal,37,G132,500,664417,3879550,500,12.616,2.5,1.5,69.09882989,,,
GOU,133,EMI-II,0,EMI-II,prepal,38,G133,4000,664281,3879670,4000,35.682,40,24,276.3953196,,,
GOU,135,EMIII-MMIA,0,EMIII-MMIA,prepal,26,G135,3200,664809,3883110,3200,31.915,32,19.2,247.2154893,,,
GOU,135,MMIB-II,0,MMIB-II,proto,75,G135,3200,664820,3883130,3200,31.915,32,19.2,247.2154893,,,
GOU,135,MMIII-LMI,0,MMIII-LMI,neo,74,G135,3200,664820,3883130,3200,31.915,32,19.2,247.2154893,,,
GOU,135,EMI-II,0,EMI-II,prepal,39,G135,3200,665014,3883050,3200,31.915,32,19.2,247.2154893,,,
GOU,136,EMI-II,0,EMI-II,prepal,40,G136,1600,664197,3879570,1600,22.568,8,4.8,123.6077446,,,
GOU,137,EMIII-MMIA,0,EMIII-MMIA,prepal,27,G137,1200,663319,3879630,1200,19.544,6,3.6,107.047447,,,
GOU,137,MMIII-LMI,0,MMIII-LMI,neo,75,G137,1600,663324,3879640,1600,22.568,8,4.8,123.6077446,,,
GOU,137,EMI-II,0,EMI-II,prepal,41,G137,200,663332,3879610,200,7.979,1,0.6,43.70193722,,,
GOU,137,FN,0,FN,prepal,5,G137,100,663337,3879620,100,5.642,0.5,0.3,30.90193616,,,
GOU,137,MMIB-II,0,MMIB-II,proto,76,G137,3000,663319,3879630,3000,30.902,30,18,239.3653682,,,
GOU,138,EMI-II,0,EMI-II,prepal,42,G138,27000,662752,3879620,27000,92.706,405,243,879.4845214,,,
GOU,139,HEL-RMN,0,ROMAN,greco-rmn,54,G139,18000,662221,3879410,18000,75.694,180,108,586.3230143,,,
GOU,139,HEL-RMN,0,HELLENISTIC,greco-rmn,13,G139,18000,662283,3879470,18000,75.694,180,108,586.3230143,,,
GOU,140,MMIII-LMI,0,MMIII-LMI,neo,76,G140,600,662522,3879420,600,13.82,3,1.8,75.69397566,,,
GOU,140,MMIB-II,0,MMIB-II,proto,77,G140,600,662599,3879390,600,13.82,3,1.8,75.69397566,,,
GOU,142,EMI-II,0,EMI-II,prepal,43,G142,1200,663497,3879340,1200,19.544,6,3.6,107.047447,,,
GOU,143,MMIII-LMI,0,MMIII-LMI,neo,77,G143,300,663588,3879350,300,9.772,1.5,0.9,53.52372348,,,
GOU,143,MMIB-II,0,MMIB-II,proto,78,G143,300,663608,3879360,300,9.772,1.5,0.9,53.52372348,,,
GOU,144,LMIIIC-GEO,0,LMIIIC,sub-min,10,G144,100,663231,3879080,100,5.642,0.5,0.3,30.90193616,,,
GOU,144,ORIENT-ARCH,0,ORIENT-ARCH,greek,2,G144,100,663239,3879090,100,5.642,0.5,0.3,30.90193616,,,
GOU,144,EMI-II,0,EMI-II,prepal,44,G144,2000,663254,3879060,2000,25.231,10,6,138.1976598,,,
GOU,144,EMIII-MMIA,0,EMIII-MMIA,prepal,28,G144,5000,663226,3879050,5000,39.894,50,30,309.0193616,,,
GOU,144,LMIIIA-IIIB,0,LMIIIA-IIIB,postpal,10,G144,5000,663226,3879070,5000,39.894,50,30,309.0193616,,,
GOU,144,MMIB-II,0,MMIB-II,proto,79,G144,5000,663232,3879080,5000,39.894,50,30,309.0193616,,,
GOU,150,HEL-RMN,0,ROMAN,greco-rmn,55,G150,8000,663108,3878670,8000,50.463,80,48,390.8820095,,,
GOU,150,HEL-RMN,0,CLASSICAL,greco-rmn,141,G150,95000,663122,3878690,95000,173.895,1900,1140,1904.92328,,,
GOU,150,LMIIIC-GEO,0,LMIIIC,sub-min,11,G150,95000,663122,3878690,95000,173.895,1900,1140,1904.92328,,,
GOU,150,ORIENT-ARCH,0,ORIENT-ARCH,greek,3,G150,95000,663122,3878690,95000,173.895,1900,1140,1904.92328,,,
GOU,151,EMIII-MMIA,0,EMIII-MMIA,prepal,29,G151,230,664156,3878696,230,8.556,1.15,0.69,46.86510658,,,
GOU,151,MMIB-II,0,MMIB-II,proto,80,G151,3000,664156,3878700,3000,30.902,30,18,239.3653682,,,
GOU,30N,EMI-II,0,EMI-II,prepal,14,G30N,800,664976,3884990,800,15.958,4,2.4,87.40387445,,,
GOU,30S,EMI-II,0,EMI-II,prepal,15,G30S,900,664959,3884930,900,16.926,4.5,2.7,92.70580849,,,
GOU,CHALASMENOS,LMIIIC-GEO,0,PROTOG,sub-min,12,GCHALASMENOS,2000,666846,3883440,2000,25.231,10,6,138.1976598,,,
GOU,KATALIMATA,FN,0,FN,prepal,6,GKATALIMATA,100,667134,3883710,100,5.642,0.5,0.3,30.90193616,,,
GOU,KATALIMATA,MMIB-II,0,MMIB-II,proto,81,GKATALIMATA,2000,667143,3883740,2000,25.231,10,6,138.1976598,,,
GOU,KATALIMATA,LMIIIC-GEO,0,LMIIIC,sub-min,63,GKATALIMATA,2000,667144,3883710,2000,25.231,10,6,138.1976598,,,
GOU,KEPHALA,FN,0,FN,prepal,7,GKEPHALA,100,664194,3883040,100,5.642,0.5,0.3,30.90193616,,,
GOU,KEPHALA,LMIIIC-GEO,0,PROTOG,sub-min,13,GKEPHALA,2000,664198,3883060,2000,25.231,10,6,138.1976598,,,
KAV,1,EMI-II,50.015,EMI-II,prepal,45,K1,30000,669299,3891430,10500,57.81223,105,63,447.8116,,,
KAV,1,MMIB-II,46326.818,MMIB-II,proto,82,K1,32900,669309,3891290,14900,68.86812,149,89.4,533.4501,,,
KAV,1,MMIII-LMI,46326.8,MMIII-LMIB,neo,78,K1,43000,669309,3891290,45900,120.8736,918,550.8,1324.104,,,
KAV,1,HEL-RMN,0,HELLENISTIC-ROMAN,greco-rmn,56,K1,50500,669309,3891290,50500,126.786,1010,606,1388.869292,,,
KAV,2,MMIB-II,1253.886,MMIB-II,proto,83,K2,200,669785,3891530,200,7.979,1,0.6,43.70193722,,,
KAV,2,MMIII-LMI,1253.89,MMIII-LMIB,neo,79,K2,200,669785,3891530,200,7.979,1,0.6,43.70193722,,,
KAV,3,MMIB-II,1625.063,MMIB-II,proto,84,K3,2000,669728,3891390,2000,25.231,10,6,138.1976598,,,
KAV,3,MMIII-LMI,1625.06,MMIII-LMIB,neo,80,K3,2000,669728,3891390,2000,25.231,10,6,138.1976598,,,
KAV,4,MMIB-II,1460.758,MMIB-II,proto,85,K4,1200,669029,3891320,1200,19.544,6,3.6,107.047447,,,
KAV,4,MMIII-LMI,1460.76,MMIII-LMIB,neo,81,K4,1200,669029,3891320,1200,19.544,6,3.6,107.047447,,,
KAV,5,EMIII-MMIA,40456.8,EMIII-MMIA,prepal,30,K5,30000,668920,3890640,30000,97.721,450,270,927.0580849,,,
KAV,5,MMIB-II,40456.764,MMIB-II,proto,86,K5,30000,668920,3890640,30000,97.721,450,270,927.0580849,,,
KAV,5,MMIII-LMI,40456.8,MMIII-LMIB,neo,82,K5,30000,668920,3890640,30000,97.721,450,270,927.0580849,,,
KAV,5,LMIIIA-IIIB,40456.764,LMIIIA-IIIB,postpal,11,K5,30000,668920,3890640,30000,97.721,450,270,927.0580849,,,
KAV,5,HEL-RMN,0,HELLENISTIC-ROMAN,greco-rmn,57,K5,30000,668920,3890640,30000,97.721,450,270,927.0580849,,,
KAV,6,MMIB-II,102.818,MMIB-II,proto,87,K6,50,668711,3890820,50,3.989,0.25,0.15,21.85096861,,,
KAV,6,EMI-II,50.015,EMI-II,prepal,46,K6,100,668711,3890830,100,5.642,0.5,0.3,30.90193616,,,
KAV,6,EMIII-MMIA,100.749,EMIII-MMIA,prepal,31,K6,100,668711,3890830,100,5.642,0.5,0.3,30.90193616,,,
KAV,7,MMIB-II,1803.1,MMIB-II,proto,88,K7,600,668250,3890700,600,13.82,3,1.8,75.69397566,,,
KAV,7,EMI-II,50.015,EMI-II,prepal,47,K7,600,668314,3890790,600,13.82,3,1.8,75.69397566,,,
KAV,8,EMI-II,4698.48,EMI-II,prepal,48,K8,1200,668318,3890490,1200,19.544,6,3.6,107.047447,,,
KAV,8,FN,2797.07,FN,prepal,8,K8,1200,668325,3890480,1200,19.544,6,3.6,107.047447,,,
KAV,8,EMIII-MMIA,2083.38,EMIII-MMIA,prepal,32,K8,1200,668326,3890480,1200,19.544,6,3.6,107.047447,,,
KAV,9,MMIB-II,1584.397,MMIB-II,proto,89,K9,500,667875,3890360,500,12.616,2.5,1.5,69.09882989,,,
KAV,9,MMIII-LMI,1584.4,MMIII-LMIB,neo,83,K9,500,667875,3890360,500,12.616,2.5,1.5,69.09882989,,,
KAV,10,MMIII-LMI,1485.46,MMIII-LMIB,neo,84,K10,100,667910,3890050,100,5.642,0.5,0.3,30.90193616,,,
KAV,11,MMIB-II,15558.089,MMIB-II,proto,90,K11,15000,668545,3890280,15000,69.099,150,90,535.2372348,,,
KAV,11,MMIII-LMI,15558.1,MMIII-LMIB,neo,85,K11,15000,668545,3890280,15000,69.099,150,90,535.2372348,,,
KAV,12,MMIB-II,1680.33,MMIB-II,proto,91,K12,100,668463,3889890,100,5.642,0.5,0.3,30.90193616,,,
KAV,12,MMIII-LMI,1680.33,MMIII-LMIB,neo,86,K12,100,668463,3889890,100,5.642,0.5,0.3,30.90193616,,,
KAV,13,MMIB-II,1037.285,MMIB-II,proto,92,K13,100,668373,3889600,100,5.642,0.5,0.3,30.90193616,,,
KAV,13,MMIII-LMI,1037.28,MMIII-LMIB,neo,87,K13,100,668373,3889600,100,5.642,0.5,0.3,30.90193616,,,
KAV,14,MMIB-II,1441.165,MMIB-II,proto,93,K14,100,668049,3889310,100,5.642,0.5,0.3,30.90193616,,,
KAV,15,MMIB-II,17526.313,MMIB-II,proto,94,K15,2500,668918,3889960,2500,28.209,25,15,218.5096861,,,
KAV,15,MMIII-LMI,17526.3,MMIII-LMIB,neo,88,K15,2500,668918,3889960,2500,28.209,25,15,218.5096861,,,
KAV,16,MMIB-II,8626.389,MMIB-II,proto,95,K16,2500,669182,3890030,2500,28.209,25,15,218.5096861,,,
KAV,16,FN,49.761,FN,prepal,16,K16,2500,669268,3890070,2500,28.209,25,15,218.5096861,,,
KAV,17,MMIB-II,17104.211,MMIB-II,proto,96,K17,10000,669342,3890110,10000,56.419,100,60,437.0193722,,,
KAV,17,MMIII-LMI,17104.2,MMIII-LMIB,neo,89,K17,10000,669342,3890110,10000,56.419,100,60,437.0193722,,,
KAV,17,HEL-RMN,0,HELLENISTIC-ROMAN,greco-rmn,58,K17,10000,669342,3890110,10000,56.419,100,60,437.0193722,,,
KAV,17,LMIIIA-IIIB,14212.849,LMIIIA-IIIB,postpal,12,K17,10000,669351,3890150,10000,56.419,100,60,437.0193722,,,
KAV,18,MMIB-II,2554.267,MMIB-II,proto,97,K18,600,669331,3889910,600,13.82,3,1.8,75.69397566,,,
KAV,18,MMIII-LMI,2554.27,MMIII-LMIB,neo,90,K18,600,669331,3889910,600,13.82,3,1.8,75.69397566,,,
KAV,19,MMIB-II,4109.691,MMIB-II,proto,98,K19,300,669083,3889710,300,9.772,1.5,0.9,53.52372348,,,
KAV,19,MMIII-LMI,4109.69,MMIII-LMIB,neo,91,K19,300,669083,3889710,300,9.772,1.5,0.9,53.52372348,,,
KAV,20,MMIB-II,2810.694,MMIB-II,proto,99,K20,900,669214,3889170,900,16.926,4.5,2.7,92.70580849,,,
KAV,20,MMIII-LMI,2810.69,MMIII-LMIB,neo,92,K20,900,669214,3889170,900,16.926,4.5,2.7,92.70580849,,,
KAV,21,HEL-RMN,0,HELLENISTIC-ROMAN,greco-rmn,59,K21,200,669145,3888990,200,7.979,1,0.6,43.70193722,,,
KAV,21,MMIB-II,1596.152,MMIB-II,proto,100,K21,200,669179,3888980,200,7.979,1,0.6,43.70193722,,,
KAV,21,MMIII-LMI,1596.15,MMIII-LMIB,neo,93,K21,200,669179,3888980,200,7.979,1,0.6,43.70193722,,,
KAV,23,MMIB-II,8095.483,MMIB-II,proto,101,K23,400,669062,3888720,400,11.284,2,1.2,61.80387232,,,
KAV,23,MMIII-LMI,8095.48,MMIII-LMIB,neo,95,K23,400,669062,3888720,400,11.284,2,1.2,61.80387232,,,
KAV,24,FN,132102,FN,prepal,15,K24,100,669078,3887860,100,5.642,0.5,0.3,30.90193616,,,
KAV,24,EMI-II,132102,EMI-II,prepal,52,K24,100,669078,3887860,100,5.642,0.5,0.3,30.90193616,,,
KAV,24,EMIII-MMIA,132102,,prepal,0,K24,100,669078,3887860,100,5.642,0.5,0.3,30.90193616,,,
KAV,24,MMIB-II,131732.309,MMIB-II,proto,102,K24,100,669079,3887860,100,5.642,0.5,0.3,30.90193616,,,
KAV,24,MMIII-LMI,131732,MMIII-LMIB,neo,96,K24,100,669079,3887860,100,5.642,0.5,0.3,30.90193616,,,
KAV,24,LMIIIA-IIIB,131732.309,LMIIIA-IIIB,postpal,13,K24,100,669079,3887860,100,5.642,0.5,0.3,30.90193616,,,
KAV,24,LMIIIC-GEO,131732,LMIIIC-GEO,sub-min,0,K24,100,669079,3887860,100,5.642,0.5,0.3,30.90193616,,,
KAV,24,ORIENT-ARCH,131732.309,,greek,0,K24,100,669079,3887860,100,5.642,0.5,0.3,30.90193616,,,
KAV,24,HEL-RMN,0,HELLENISTIC-ROMAN,greco-rmn,60,K24,100,669079,3887860,100,5.642,0.5,0.3,30.90193616,,,
KAV,25,MMIB-II,1793.388,MMIB-II,proto,103,K25,200,669340,3888470,200,7.979,1,0.6,43.70193722,,,
KAV,25,MMIII-LMI,1793.39,MMIII-LMIB,neo,97,K25,200,669340,3888470,200,7.979,1,0.6,43.70193722,,,
KAV,27,MMIB-II,16030.778,MMIB-II,proto,104,K27,400,668637,3888550,400,11.284,2,1.2,61.80387232,,,
KAV,27,MMIII-LMI,16030.8,MMIII-LMIB,neo,98,K27,400,668637,3888550,400,11.284,2,1.2,61.80387232,,,
KAV,28,MMIB-II,6941.089,MMIB-II,proto,105,K28,3500,668001,3889100,3500,33.378,35,21,258.5441473,,,
KAV,28,MMIII-LMI,6941.09,MMIII-LMIB,neo,99,K28,3500,668001,3889100,3500,33.378,35,21,258.5441473,,,
KAV,28,HEL-RMN,0,HELLENISTIC-ROMAN,greco-rmn,61,K28,3500,668001,3889100,3500,33.378,35,21,258.5441473,,,
KAV,29,HEL-RMN,0,HELLENISTIC-ROMAN,greco-rmn,62,K29,100,667791,3889230,100,5.642,0.5,0.3,30.90193616,,,
KAV,30,HEL-RMN,0,HELLENISTIC-ROMAN,greco-rmn,63,K30,100,667780,3889160,100,5.642,0.5,0.3,30.90193616,,,
KAV,31,FN,49.761,FN,prepal,9,K31,100,667250,3889680,100,5.642,0.5,0.3,30.90193616,,,
KAV,31,EMI-II,50.015,EMI-II,prepal,49,K31,100,667250,3889680,100,5.642,0.5,0.3,30.90193616,,,
KAV,31,EMIII-MMIA,49.761,EMIII-MMIA,prepal,33,K31,100,667250,3889680,100,5.642,0.5,0.3,30.90193616,,,
KAV,32,EMIII-MMIA,1708.74,EMIII-MMIA,prepal,34,K32,800,667154,3889509,800,15.958,4,2.4,87.40387445,,,
KAV,32,FN,1840.41,FN,prepal,14,K32,800,667157,3889509,800,15.958,4,2.4,87.40387445,,,
KAV,32,EMI-II,1840.41,EMI-II,prepal,50,K32,800,667157,3889509,800,15.958,4,2.4,87.40387445,,,
KAV,33,MMIB-II,1194.287,MMIB-II,proto,106,K33,100,667537,3889250,100,5.642,0.5,0.3,30.90193616,,,
KAV,33,MMIII-LMI,1194.29,MMIII-LMIB,neo,100,K33,100,667537,3889250,100,5.642,0.5,0.3,30.90193616,,,
KAV,34,EMIII-MMIA,49.761,EMIII-MMIA,prepal,35,K34,6000,667387,3889060,6000,43.702,60,36,338.5137501,,,
KAV,34,FN,49.761,FN,prepal,13,K34,6000,667431,3889010,6000,43.702,60,36,338.5137501,,,
KAV,34,EMI-II,614.908,EMI-II,prepal,51,K34,6000,667432,3889010,6000,43.702,60,36,338.5137501,,,
KAV,34,MMIB-II,8512.83,MMIB-II,proto,107,K34,6000,667453,3889030,6000,43.702,60,36,338.5137501,,,
KAV,34,MMIII-LMI,8512.83,MMIII-LMIB,neo,101,K34,6000,667453,3889030,6000,43.702,60,36,338.5137501,,,
KAV,34,LMIIIA-IIIB,9392.66,LMIIIA-IIIB,postpal,14,K34,6000,667454,3889040,6000,43.702,60,36,338.5137501,,,
KAV,35,EMIII-MMIA,2107.49,EMIII-MMIA,prepal,36,K35,400,667618,3888820,400,11.284,2,1.2,61.80387232,,,
KAV,35,MMIB-II,2107.489,MMIB-II,proto,108,K35,400,667618,3888820,400,11.284,2,1.2,61.80387232,,,
KAV,36,EMIII-MMIA,3214.79,EMIII-MMIA,prepal,37,K36,400,667738,3888880,400,11.284,2,1.2,61.80387232,,,
KAV,36,MMIB-II,3214.787,MMIB-II,proto,109,K36,400,667738,3888880,400,11.284,2,1.2,61.80387232,,,
KAV,36,MMIII-LMI,3214.79,MMIII-LMIB,neo,102,K36,400,667738,3888880,400,11.284,2,1.2,61.80387232,,,
KAV,36,LMIIIA-IIIB,2988.917,LMIIIA-IIIB,postpal,15,K36,400,667739,3888880,400,11.284,2,1.2,61.80387232,,,
KAV,37,HEL-RMN,0,HELLENISTIC-ROMAN,greco-rmn,64,K37,4200,667856,3888850,4200,36.564,42,25.2,283.2209232,,,
KAV,38,MMIB-II,901.309,MMIB-II,proto,110,K38,100,666744,3888720,100,5.642,0.5,0.3,30.90193616,,,
KAV,38,MMIII-LMI,901.31,MMIII-LMIB,neo,103,K38,100,666744,3888720,100,5.642,0.5,0.3,30.90193616,,,
KAV,39,HEL-RMN,0,HELLENISTIC-ROMAN,greco-rmn,65,K39,2500,666822,3888760,2500,28.209,25,15,218.5096861,,,
KAV,40,MMIB-II,8138.577,MMIB-II,proto,111,K40,1500,667312,3888620,1500,21.851,7.5,4.5,119.6826841,,,
KAV,40,HEL-RMN,0,HELLENISTIC-ROMAN,greco-rmn,66,K40,1500,667312,3888620,1500,21.851,7.5,4.5,119.6826841,,,
KAV,41,MMIB-II,6979.286,MMIB-II,proto,0,K41,100,667452,3888660,100,5.642,0.5,0.3,30.90193616,,,
KAV,41,EMIII-MMIA,6979.29,EMIII-MMIA,prepal,38,K41,2300,667452,3888660,2300,27.058,11.5,6.9,148.2004796,,,
KAV,41,HEL-RMN,0,HELLENISTIC-ROMAN,greco-rmn,67,K41,2300,667452,3888660,2300,27.058,11.5,6.9,148.2004796,,,
KAV,42,MMIB-II,1895.156,MMIB-II,proto,112,K42,2000,667477,3888540,2000,25.231,10,6,138.1976598,,,
KAV,42,MMIII-LMI,1895.16,MMIII-LMIB,neo,104,K42,2000,667477,3888540,2000,25.231,10,6,138.1976598,,,
KAV,42,HEL-RMN,0,HELLENISTIC-ROMAN,greco-rmn,68,K42,2000,667477,3888540,2000,25.231,10,6,138.1976598,,,
KAV,42,HEL-RMN,0,HELLENISTIC-ROMAN,greco-rmn,68,K42,2000,667477,3888540,2000,25.231,10,6,138.1976598,,,
KAV,43,MMIB-II,1536.741,MMIB-II,proto,113,K43,400,667328,3888420,400,11.284,2,1.2,61.80387232,,,
KAV,44,EMIII-MMIA,3509.96,EMIII-MMIA,prepal,39,K44,1000,667597,3888690,1000,17.841,5,3,97.72050238,,,
KAV,44,MMIB-II,3509.962,MMIB-II,proto,114,K44,1000,667597,3888690,1000,17.841,5,3,97.72050238,,,
KAV,45,EMIII-MMIA,2753.28,EMIII-MMIA,prepal,40,K45,1300,667739,3888690,1300,20.342,6.5,3.9,111.4185153,,,
KAV,45,MMIB-II,2753.282,MMIB-II,proto,115,K45,1300,667739,3888690,1300,20.342,6.5,3.9,111.4185153,,,
KAV,46,MMIB-II,1675.989,MMIB-II,proto,116,K46,100,667986,3888540,100,5.642,0.5,0.3,30.90193616,,,
KAV,47,MMIB-II,1101.26,MMIB-II,proto,117,K47,100,666976,3888310,100,5.642,0.5,0.3,30.90193616,,,
KAV,48,MMIB-II,4640.335,MMIB-II,proto,118,K48,2500,668116,3888360,2500,28.209,25,15,218.5096861,,,
KAV,48,MMIII-LMI,4640.33,MMIII-LMIB,neo,105,K48,2500,668116,3888360,2500,28.209,25,15,218.5096861,,,
KAV,51,MMIB-II,2211.866,MMIB-II,proto,119,K51,400,668475,3888070,400,11.284,2,1.2,61.80387232,,,
KAV,51,MMIII-LMI,2211.87,MMIII-LMIB,neo,106,K51,400,668475,3888070,400,11.284,2,1.2,61.80387232,,,
KAV,52,MMIB-II,9867.291,MMIB-II,proto,120,K52,1600,668170,3887960,1600,22.568,8,4.8,123.6077446,,,
KAV,52,MMIII-LMI,9867.29,MMIII-LMIB,neo,107,K52,1600,668170,3887960,1600,22.568,8,4.8,123.6077446,,,
KAV,53,HEL-RMN,0,HELLENISTIC-ROMAN,greco-rmn,69,K53,7000,667803,3887700,7000,47.203,70,42,365.6366396,,,
KAV,54,MMIB-II,2663.956,MMIB-II,proto,121,K54,400,668561,3887860,400,11.284,2,1.2,61.80387232,,,
KAV,55,MMIB-II,2032.614,MMIB-II,proto,122,K55,400,668863,3887780,400,11.284,2,1.2,61.80387232,,,
KAV,55,MMIII-LMI,2032.61,MMIII-LMIB,neo,108,K55,400,668863,3887780,400,11.284,2,1.2,61.80387232,,,
KAV,57,MMIB-II,5639.747,MMIB-II,proto,123,K57,7200,668745,3887390,7200,47.873,72,43.2,370.8232339,,,
KAV,57,HEL-RMN,0,HELLENISTIC-ROMAN,greco-rmn,70,K57,7200,668745,3887390,7200,47.873,72,43.2,370.8232339,,,
KAV,57,LMIIIA-IIIB,125.357,LMIIIA-IIIB,postpal,16,K57,7200,668747,3887260,7200,47.873,72,43.2,370.8232339,,,
KAV,58,MMIII-LMI,1038.44,MMIII-LMIB,neo,109,K58,100,666557,3886550,100,5.642,0.5,0.3,30.90193616,,,
KAV,59,MMIB-II,1323.507,MMIB-II,proto,124,K59,300,669401,3887840,300,9.772,1.5,0.9,53.52372348,,,
KAV,59,MMIII-LMI,1323.51,MMIII-LMIB,neo,110,K59,300,669401,3887840,300,9.772,1.5,0.9,53.52372348,,,
KAV,62,MMIB-II,503.246,MMIB-II,proto,125,K62,100,669035,3887470,100,5.642,0.5,0.3,30.90193616,,,
KAV,62,EMI-II,984.082,EMI-II,prepal,53,K62,100,669041,3887460,100,5.642,0.5,0.3,30.90193616,,,
KAV,63,MMIB-II,907.597,MMIB-II,proto,126,K63,100,669029,3887260,100,5.642,0.5,0.3,30.90193616,,,
KAV,64,MMIB-II,1587.136,MMIB-II,proto,127,K64,100,669235,3887220,100,5.642,0.5,0.3,30.90193616,,,
KAV,65,MMIB-II,417.087,MMIB-II,proto,128,K65,100,669067,3887070,100,5.642,0.5,0.3,30.90193616,,,
KAV,66,MMIB-II,1232.558,MMIB-II,proto,129,K66,500,669124,3887130,500,12.616,2.5,1.5,69.09882989,,,
KAV,66,MMIII-LMI,1232.56,MMIII-LMIB,neo,111,K66,500,669124,3887130,500,12.616,2.5,1.5,69.09882989,,,
KAV,67,MMIB-II,705.078,MMIB-II,proto,130,K67,100,669271,3887020,100,5.642,0.5,0.3,30.90193616,,,
KAV,67,FN,2149.08,FN,prepal,10,K67,100,669290,3887010,100,5.642,0.5,0.3,30.90193616,,,
KAV,68,ORIENT-ARCH,123.078,ORIENT-ARCH,greek,4,K68,400,669304,3887070,400,11.284,2,1.2,61.80387232,,,
KAV,68,MMIB-II,1662.61,MMIB-II,proto,131,K68,400,669352,3887110,400,11.284,2,1.2,61.80387232,,,
KAV,68,MMIII-LMI,1662.61,MMIII-LMIB,neo,112,K68,400,669352,3887110,400,11.284,2,1.2,61.80387232,,,
KAV,68,EMIII-MMIA,1868.28,EMIII-MMIA,prepal,41,K68,400,669354,3887110,400,11.284,2,1.2,61.80387232,,,
KAV,69,MMIB-II,6309.604,MMIB-II,proto,132,K69,3750,669461,3887120,3750,34.549,37.5,22.5,267.6186174,,,
KAV,69,MMIII-LMI,6309.6,MMIII-LMIB,neo,113,K69,3800,669461,3887120,3800,34.779,38,22.8,269.3968338,,,
KAV,70,LMIIIC-GEO,2841.26,LMIIIC-GEO,sub-min,14,K70,1300,669633,3887050,1300,20.342,6.5,3.9,111.4185153,,,
KAV,70,ORIENT-ARCH,2841.264,ORIENT-ARCH,greek,5,K70,1300,669633,3887050,1300,20.342,6.5,3.9,111.4185153,,,
KAV,71,FN,12699.1,FN,prepal,11,K71,3600,669937,3887400,3600,33.851,36,21.6,262.2116233,,,
KAV,71,EMIII-MMIA,12765.9,EMIII-MMIA,prepal,42,K71,80000,669928,3887410,80000,159.577,1600,960,1748.077489,,,
KAV,71,HEL-RMN,0,HELLENISTIC-ROMAN,greco-rmn,71,K71,80000,669935,3887300,80000,159.577,1600,960,1748.077489,,,
KAV,71,LMIIIC-GEO,12699.1,LMIIIC-GEO,sub-min,15,K71,80000,669937,3887400,80000,159.577,1600,960,1748.077489,,,
KAV,71,HEL-RMN,0,HELLENISTIC-ROMAN,greco-rmn,71,K71,80000,669943,3887410,80000,159.577,1600,960,1748.077489,,,
KAV,71,ORIENT-ARCH,150745.709,ORIENT-ARCH,greek,6,K71,80000,669967,3887390,80000,159.577,1600,960,1748.077489,,,
KAV,74,MMIB-II,1615.904,MMIB-II,proto,133,K74,100,669419,3886660,100,5.642,0.5,0.3,30.90193616,,,
KAV,74,MMIII-LMI,1615.9,MMIII-LMIB,neo,114,K74,100,669419,3886660,100,5.642,0.5,0.3,30.90193616,,,
KAV,76,MMIB-II,1361.754,MMIB-II,proto,134,K76,100,669348,3886580,100,5.642,0.5,0.3,30.90193616,,,
KAV,76,MMIII-LMI,1361.75,MMIII-LMIB,neo,115,K76,100,669348,3886580,100,5.642,0.5,0.3,30.90193616,,,
KAV,77,MMIII-LMI,49.761,MMIII-LMIB,neo,116,K77,7100,669026,3886420,7100,47.539,71,42.6,368.2390684,,,
KAV,77,FN,6536.14,FN,prepal,12,K77,7100,669178,3886500,7100,47.539,71,42.6,368.2390684,,,
KAV,77,EMI-II,6536.14,EMI-II,prepal,54,K77,7100,669178,3886500,7100,47.539,71,42.6,368.2390684,,,
KAV,77,EMIII-MMIA,6536.14,EMIII-MMIA,prepal,43,K77,7100,669178,3886500,7100,47.539,71,42.6,368.2390684,,,
KAV,77,MMIB-II,6536.136,MMIB-II,proto,135,K77,7100,669178,3886500,7100,47.539,71,42.6,368.2390684,,,
KAV,77,LMIIIC-GEO,6536.14,LMIIIC-GEO,sub-min,16,K77,7100,669178,3886500,7100,47.539,71,42.6,368.2390684,,,
KAV,78,LMIIIC-GEO,133.732,LMIIIC-GEO,sub-min,17,K78,100,669717,3886320,100,5.642,0.5,0.3,30.90193616,,,
KAV,79,LMIIIC-GEO,101.297,LMIIIC-GEO,sub-min,18,K79,100,669998,3886310,100,5.642,0.5,0.3,30.90193616,,,
KAV,80,LMIIIC-GEO,11801.7,LMIIIC-GEO,sub-min,19,K80,8400,670067,3886590,8400,51.709,84,50.4,400.5348707,,,
KAV,80,ORIENT-ARCH,11801.685,ORIENT-ARCH,greek,7,K80,8400,670067,3886590,8400,51.709,84,50.4,400.5348707,,,
KAV,81,LMIIIC-GEO,169.434,LMIIIC-GEO,sub-min,20,K81,100,670409,3886260,100,5.642,0.5,0.3,30.90193616,,,
KAV,82,LMIIIC-GEO,1504,LMIIIC-GEO,sub-min,21,K82,100,670419,3887310,100,5.642,0.5,0.3,30.90193616,,,
KAV,82,ORIENT-ARCH,1619.627,ORIENT-ARCH,greek,8,K82,100,670421,3887310,100,5.642,0.5,0.3,30.90193616,,,
KAV,83,LMIIIC-GEO,783.492,LMIIIC-GEO,sub-min,22,K83,100,671315,3887370,100,5.642,0.5,0.3,30.90193616,,,
KAV,84,LMIIIC-GEO,649.949,LMIIIC-GEO,sub-min,23,K84,100,671349,3887200,100,5.642,0.5,0.3,30.90193616,,,
KAV,84,ORIENT-ARCH,772.129,ORIENT-ARCH,greek,9,K84,100,671349,3887190,100,5.642,0.5,0.3,30.90193616,,,
KAV,85,MMIB-II,5215.484,MMIB-II,proto,136,K85,2500,671546,3887360,2500,28.209,25,15,218.5096861,,,
KAV,85,LMIIIC-GEO,5215.48,LMIIIC-GEO,sub-min,24,K85,2500,671546,3887360,2500,28.209,25,15,218.5096861,,,
KAV,87,MMIB-II,2044.012,MMIB-II,proto,137,K87,500,671533,3887810,500,12.616,2.5,1.5,69.09882989,,,
KAV,87,MMIII-LMI,2044.01,MMIII-LMIB,neo,117,K87,500,671533,3887810,500,12.616,2.5,1.5,69.09882989,,,
KAV,87,LMIIIA-IIIB,3178.21,LMIIIA-IIIB,postpal,17,K87,500,671534,3887810,500,12.616,2.5,1.5,69.09882989,,,
KAV,88,MMIB-II,4164.236,MMIB-II,proto,138,K88,3000,671777,3887620,3000,30.902,30,18,239.3653682,,,
KAV,88,MMIII-LMI,4164.24,MMIII-LMIB,neo,118,K88,3000,671777,3887620,3000,30.902,30,18,239.3653682,,,
KAV,89,ORIENT-ARCH,865.451,ORIENT-ARCH,greek,10,K89,100,671819,3887700,100,5.642,0.5,0.3,30.90193616,,,
KAV,89,LMIIIC-GEO,647.809,LMIIIC-GEO,sub-min,25,K89,3000,671818,3887700,3000,30.902,30,18,239.3653682,,,
KAV,90,MMIB-II,1128.606,MMIB-II,proto,139,K90,900,671839,3887800,900,16.926,4.5,2.7,92.70580849,,,
KAV,90,LMIIIC-GEO,1128.61,LMIIIC-GEO,sub-min,26,K90,900,671839,3887800,900,16.926,4.5,2.7,92.70580849,,,
KAV,91,LMIIIC-GEO,1238.03,LMIIIC-GEO,sub-min,27,K91,400,671891,3887880,400,11.284,2,1.2,61.80387232,,,
KAV,92,EMIII-MMIA,2234.96,EMIII-MMIA,prepal,44,K92,1300,672904,3886930,1300,20.342,6.5,3.9,111.4185153,,,
KAV,92,MMIB-II,2234.961,MMIB-II,proto,140,K92,1300,672904,3886930,1300,20.342,6.5,3.9,111.4185153,,,
VRO,AC1,HEL-RMN,4641.17,ROMAN,greco-rmn,72,VAC1,6600,657602,3887150,6600,45.835,66,39.6,355.0362164,,,
VRO,AC2,HEL-RMN,4646.61,ROMAN,greco-rmn,73,VAC2,100,657782,3887015,100,5.642,0.5,0.3,30.90193616,,,
VRO,AC2,LMIIIA-IIIB,4646.61,LMIIIA-IIIB,postpal,18,VAC2,400,657782,3887015,400,11.284,2,1.2,61.80387232,,,
VRO,AC2,MMIB-II,4646.61,MMI-II,proto,141,VAC2,4800,657782,3887015,4800,39.088,48,28.8,302.7759026,,,
VRO,AC2,MMIII-LMI,4646.61,MMIII-LMIB,neo,119,VAC2,4800,657782,3887015,4800,39.088,48,28.8,302.7759026,,,
VRO,AC3,LMIIIA-IIIB,79.48,LMIIIA-IIIB,postpal,19,VAC3,100,657654,3886758,100,5.642,0.5,0.3,30.90193616,,,
VRO,AC4,EMI-II,1852.89,FN-EMI/IIA,prepal,79,VAC4,100,658233,3886556,100,5.642,0.5,0.3,30.90193616,,,
VRO,AC4,FN,1395.14,FN/EMI,prepal,40,VAC4,100,658239,3886625,100,5.642,0.5,0.3,30.90193616,,,
VRO,AC5,HEL-RMN,832.74,ROMAN,greco-rmn,74,VAC5,100,657219,3886860,100,5.642,0.5,0.3,30.90193616,,,
VRO,AC6,LMIIIC-GEO,1950.04,LMIIIC-GEO,sub-min,28,VAC6,100,658201,3886262,100,5.642,0.5,0.3,30.90193616,,,
VRO,AG1,ORIENT-ARCH,1677.41,ORIENT-ECLA,greek,20,VAG1,100,654808,3884716,100,5.642,0.5,0.3,30.90193616,,,
VRO,AG2,MMIB-II,8886.87,MMI-II,proto,142,VAG2,100,654724,3884456,100,5.642,0.5,0.3,30.90193616,,,
VRO,AG2,LMIIIA-IIIB,8886.87,LMIIIA-IIIB,postpal,20,VAG2,100,654724,3884456,100,5.642,0.5,0.3,30.90193616,,,
VRO,AG2,LMIIIC-GEO,8886.87,LMIIIC-GEO,sub-min,29,VAG2,100,654724,3884456,100,5.642,0.5,0.3,30.90193616,,,
VRO,AG2,ORIENT-ARCH,8886.87,ORIENT-ECLA,greek,21,VAG2,100,654724,3884456,100,5.642,0.5,0.3,30.90193616,,,
VRO,AG2,HEL-RMN,8886.87,ROMAN,greco-rmn,76,VAG2,100,654724,3884456,100,5.642,0.5,0.3,30.90193616,,,
VRO,AG2,MMIII-LMI,8886.87,MMIII-LMIB,neo,120,VAG2,10000,654724,3884456,10000,56.419,100,60,437.0193722,,,
VRO,AG3,HEL-RMN,1549.31,,greco-rmn,0,VAG3,100,654962,3884316,100,5.642,0.5,0.3,30.90193616,,,
VRO,APh1,MMIII-LMI,6445.48,MMIII-LMIB,neo,121,VAPh1,2000,660127,3887835,2000,25.231,10,6,138.1976598,,,
VRO,APh1,LMIIIA-IIIB,6445.48,LMIIIA-IIIB,postpal,21,VAPh1,2000,660127,3887835,2000,25.231,10,6,138.1976598,,,
VRO,APh1,EMI-II,6445.48,EMII-III,prepal,87,VAPh1,7400,660127,3887840,7400,48.533,74,44.4,375.9382788,,,
VRO,APh1,EMIII-MMIA,6445.48,EMII-III,prepal,45,VAPh1,7400,660127,3887835,7400,48.533,74,44.4,375.9382788,,,
VRO,APh1,MMIB-II,6445.48,MMI-II,proto,144,VAPh1,7400,660127,3887835,7400,48.533,74,44.4,375.9382788,,,
VRO,APh10,MMIII-LMI,569.015,MMIII-LMIB,neo,123,VAPh10,800,659633,3887203,800,15.958,4,2.4,87.40387445,,,
VRO,APh10,LMIIIA-IIIB,569.015,LMIIIA-IIIB,postpal,24,VAPh10,800,659633,3887203,800,15.958,4,2.4,87.40387445,,,
VRO,APh10,LMIIIC-GEO,569.015,LMIIIC-GEO,sub-min,32,VAPh10,800,659633,3887203,800,15.958,4,2.4,87.40387445,,,
VRO,APh11,LMIIIA-IIIB,2040.24,LMIIIA-IIIB,postpal,25,VAPh11,100,659503,3887631,100,5.642,0.5,0.3,30.90193616,,,
VRO,APh11,EMI-II,2040.24,EMII-III,prepal,88,VAPh11,5500,659503,3887630,5500,41.841,55,33,324.1022407,,,
VRO,APh11,MMIB-II,2040.24,MMI-II,proto,150,VAPh11,2800,659503,3887631,2800,29.854,28,16.8,231.2489154,,,
VRO,APh11,MMIII-LMI,2040.24,MMIII-LMIB,neo,124,VAPh11,2800,659503,3887631,2800,29.854,28,16.8,231.2489154,,,
VRO,APh11,EMIII-MMIA,2040.24,EMII-III,prepal,48,VAPh11,5500,659503,3887631,5500,41.841,55,33,324.1022407,,,
VRO,APh12,LMIIIC-GEO,261.901,LMIIIC-GEO,sub-min,33,VAPh12,200,659358,3887509,200,7.979,1,0.6,43.70193722,,,
VRO,APh13,LMIIIC-GEO,1226.84,LMIIIC-GEO,sub-min,34,VAPh13,1200,659303,3887457,1200,19.544,6,3.6,107.047447,,,
VRO,APh2,LMIIIA-IIIB,10495.2,LMIIIA-IIIB,postpal,22,VAPh2,100,659920,3887416,100,5.642,0.5,0.3,30.90193616,,,
VRO,APh2,LMIIIC-GEO,10495.2,LMIIIC-GEO,sub-min,30,VAPh2,5000,659920,3887416,5000,39.894,50,30,309.0193616,,,
VRO,APh2,MMIB-II,10495.2,MMI-II,proto,145,VAPh2,7500,659920,3887416,7500,48.86,75,45,378.4698783,,,
VRO,APh2,HEL-RMN,10495.2,ROMAN,greco-rmn,77,VAPh2,13000,659920,3887416,13000,64.328,130,78,498.2787485,,,
VRO,APh3,HEL-RMN,41876.2,ROMAN,greco-rmn,78,VAPh3,2500,659695,3887449,2500,28.209,25,15,218.5096861,,,
VRO,APh3,MMIB-II,41876.2,MMI-II,proto,146,VAPh3,10000,659695,3887449,10000,56.419,100,60,437.0193722,,,
VRO,APh3,LMIIIA-IIIB,41876.2,LMIIIA-IIIB,postpal,23,VAPh3,10000,659695,3887449,10000,56.419,100,60,437.0193722,,,
VRO,APh3,ORIENT-ARCH,41876.2,ORIENT-ARCH,greek,11,VAPh3,10000,659695,3887449,10000,56.419,100,60,437.0193722,,,
VRO,APh3,LMIIIC-GEO,41876.2,LMIIIC-GEO,sub-min,31,VAPh3,24000,659695,3887449,24000,87.404,360,216,829.1859587,,,
VRO,APh3,MMIII-LMI,41876.2,MMIII-LMIB,neo,122,VAPh3,32000,659695,3887449,32000,100.925,480,288,957.461473,,,
VRO,APh4,HEL-RMN,460.961,ROMAN,greco-rmn,79,VAPh4,1000,659367,3887398,1000,17.841,5,3,97.72050238,,,
VRO,APh4,MMIB-II,460.961,MMI-II,proto,147,VAPh4,3000,659367,3887398,3000,30.902,30,18,239.3653682,,,
VRO,APh5,HEL-RMN,3142.61,ROMAN,greco-rmn,80,VAPh5,1000,661075,3887427,1000,17.841,5,3,97.72050238,,,
VRO,APh6,HEL-RMN,2260.44,ROMAN,greco-rmn,81,VAPh6,900,659457,3887409,900,16.926,4.5,2.7,92.70580849,,,
VRO,APh7,MMIB-II,384.7,MMI-II,proto,148,VAPh7,100,660509,3887796,100,5.642,0.5,0.3,30.90193616,,,
VRO,APh7,EMIII-MMIA,384.7,EMII-III,prepal,46,VAPh7,200,660509,3887796,200,7.979,1,0.6,43.70193722,,,
VRO,APh7,FN,384.7,FN/EMI,prepal,41,VAPh7,100,660509,3887796,100,5.642,0.5,0.3,30.90193616,,,
VRO,APh7,EMI-II,384.7,FN-EMI/IIA,prepal,80,VAPh7,100,660509,3887800,100,5.642,0.5,0.3,30.90193616,,,
VRO,APh8,HEL-RMN,674.255,ROMAN,greco-rmn,82,VAPh8,400,660386,3887543,400,11.284,2,1.2,61.80387232,,,
VRO,APh9,FN,457.984,FN/EMI,prepal,42,VAPh9,100,660646,3887890,100,5.642,0.5,0.3,30.90193616,,,
VRO,APh9,EMI-II,457.984,FN-EMI/IIA,prepal,81,VAPh9,100,660646,3887890,100,5.642,0.5,0.3,30.90193616,,,
VRO,APh9,EMIII-MMIA,457.984,EMII-III,prepal,47,VAPh9,200,660646,3887890,200,7.979,1,0.6,43.70193722,,,
VRO,APh9,MMIB-II,457.984,MMI-II,proto,149,VAPh9,200,660646,3887890,200,7.979,1,0.6,43.70193722,,,
VRO,DL1,MMIB-II,958.737,MMI-II,proto,151,VDL1,600,658962,3886048,600,13.82,3,1.8,75.69397566,,,
VRO,DL1,MMIII-LMI,958.737,MMIII-LMIB,neo,125,VDL1,600,658962,3886048,600,13.82,3,1.8,75.69397566,,,
VRO,DL1,LMIIIA-IIIB,958.737,LMIIIA-IIIB,postpal,26,VDL1,600,658962,3886048,600,13.82,3,1.8,75.69397566,,,
VRO,DL1,LMIIIC-GEO,958.737,LMIIIC-GEO,sub-min,36,VDL1,600,658962,3886048,600,13.82,3,1.8,75.69397566,,,
VRO,DL1,ORIENT-ARCH,958.737,ORIENT-ARCH,greek,19,VDL1,600,658962,3886048,600,13.82,3,1.8,75.69397566,,,
VRO,EN1A/B,FN,6182.25,FN-EMIIA,prepal,17,VEN1A/B,4400,659044,3888472,4400,37.424,44,26.4,289.8858568,,,
VRO,EN1A/B,EMI-II,6182.25,FN-EMI/IIA,prepal,55,VEN1A/B,4400,659044,3888472,4400,37.424,44,26.4,289.8858568,,,
VRO,EN2,LMIIIA-IIIB,18123.1,LMIIIA-IIIB,postpal,27,VEN2,100,659390,3888374,100,5.642,0.5,0.3,30.90193616,,,
VRO,EN2,MMIB-II,18123.1,MMI-II,proto,152,VEN2,10000,659390,3888374,10000,56.419,100,60,437.0193722,,,
VRO,EN2,LMIIIC-GEO,18123.1,LMIIIC-GEO,sub-min,35,VEN2,22500,659390,3888374,22500,84.628,337.5,202.5,802.8558523,,,
VRO,EN3,ORIENT-ARCH,5871.71,ORIENT-ARCH,greek,12,VEN3,2500,659294,3888099,2500,28.209,25,15,218.5096861,,,
VRO,EN3,HEL-RMN,5871.71,CLASS-HEL,greco-rmn,126,VEN3,2500,659294,3888099,2500,28.209,25,15,218.5096861,,,
VRO,EN3,MMIB-II,5871.71,MMI-II,proto,153,VEN3,3500,659294,3888099,3500,33.378,35,21,258.5441473,,,
VRO,EN3,MMIII-LMI,5871.71,MMIII-LMIB,neo,126,VEN3,3500,659294,3888099,3500,33.378,35,21,258.5441473,,,
VRO,GN1:1,MMIB-II,2379.71,MMI-II,proto,154,VGN1:1,1300,656321,3887469,1300,20.342,6.5,3.9,111.4185153,,,
VRO,GN1:1,MMIII-LMI,2379.71,MMIII-LMIB,neo,127,VGN1:1,1300,656321,3887469,1300,20.342,6.5,3.9,111.4185153,,,
VRO,GN1:1,EMIII-MMIA,2379.71,EMII-III,prepal,49,VGN1:1,1800,656321,3887469,1800,23.937,9,5.4,131.1058117,,,
VRO,GN1:1,EMI-II,2379.71,EMII-III,prepal,89,VGN1:1,1800,656321,3887470,1800,23.937,9,5.4,131.1058117,,,
VRO,GN1:2,LMIIIA-IIIB,984.658,LMIIIA-IIIB,postpal,28,VGN1:2,100,656551,3887571,100,5.642,0.5,0.3,30.90193616,,,
VRO,GN2A:1,EMIII-MMIA,5038.55,EMII-III,prepal,50,VGN2A:1,1800,656912,3887982,1800,23.937,9,5.4,131.1058117,,,
VRO,GN2A:1,HEL-RMN,5038.55,CLASS-HEL,greco-rmn,127,VGN2A:1,1800,656912,3887982,1800,23.937,9,5.4,131.1058117,,,
VRO,GN2A:1,MMIB-II,5038.55,MMI-II,proto,155,VGN2A:1,2400,656912,3887982,2400,27.64,12,7.2,151.3879513,,,
VRO,GN2A:1,EMI-II,5038.55,EMII-III,prepal,90,VGN2A:1,1800,656912,3887980,1800,23.937,9,5.4,131.1058117,,,
VRO,GN2A:2,FN,4506.31,FN-EMIIA,prepal,18,VGN2A:2,1800,656834,3887884,1800,23.937,9,5.4,131.1058117,,,
VRO,GN2A:2,EMI-II,4506.31,FN-EMI/IIA,prepal,56,VGN2A:2,1800,656834,3887880,1800,23.937,9,5.4,131.1058117,,,
VRO,GN2A:2,EMIII-MMIA,4506.31,EMII-III,prepal,51,VGN2A:2,1800,656834,3887884,1800,23.937,9,5.4,131.1058117,,,
VRO,GN2A:2,MMIB-II,4506.31,MMI-II,proto,156,VGN2A:2,1800,656834,3887884,1800,23.937,9,5.4,131.1058117,,,
VRO,GN2B,MMIB-II,1801.93,MMI-II,proto,157,VGN2B,100,656730,3887686,100,5.642,0.5,0.3,30.90193616,,,
VRO,GN2B,MMIII-LMI,1801.93,MMIII-LMIB,neo,128,VGN2B,100,656730,3887686,100,5.642,0.5,0.3,30.90193616,,,
VRO,GN2B,LMIIIA-IIIB,1801.93,LMIIIA-IIIB,postpal,29,VGN2B,100,656730,3887686,100,5.642,0.5,0.3,30.90193616,,,
VRO,GN4,FN,11360.1,FN-EMIIA,prepal,19,VGN4,2500,656324,3888519,2500,28.209,25,15,218.5096861,,,
VRO,GN4,EMI-II,11360.1,FN-EMI/IIA,prepal,57,VGN4,2500,656324,3888520,2500,28.209,25,15,218.5096861,,,
VRO,GN4,LMIIIC-GEO,11360.1,LMIIIC-GEO,sub-min,37,VGN4,14000,656324,3888519,14000,66.756,140,84,517.0882946,,,
VRO,GN4,ORIENT-ARCH,11360.1,ORIENT-ARCH,greek,13,VGN4,14000,656324,3888519,14000,66.756,140,84,517.0882946,,,
VRO,GT2,MMIII-LMI,786.656,MMIII-LMIB,neo,129,VGT2,400,661032,3886617,400,11.284,2,1.2,61.80387232,,,
VRO,GT3,MMIII-LMI,1317.1,MMIII-LMIB,neo,130,VGT3,400,660686,3886472,400,11.284,2,1.2,61.80387232,,,
VRO,IM1,MMIII-LMI,6401.05,MMIII-LMIB,neo,131,VIM1,100,657108,3889018,100,5.642,0.5,0.3,30.90193616,,,
VRO,IM1,FN,6401.05,FN-EMIIA,prepal,20,VIM1,100,657108,3889018,100,5.642,0.5,0.3,30.90193616,,,
VRO,IM1,EMI-II,6401.05,FN-EMI/IIA,prepal,58,VIM1,100,657108,3889020,100,5.642,0.5,0.3,30.90193616,,,
VRO,IM1,EMIII-MMIA,6401.05,EMII-III,prepal,52,VIM1,4900,657108,3889018,4900,39.493,49,29.4,305.9135606,,,
VRO,IM1,MMIB-II,6401.05,MMI-II,proto,158,VIM1,4900,657108,3889018,4900,39.493,49,29.4,305.9135606,,,
VRO,IM10,EMI-II,2449.56,EMII-III,prepal,94,VIM10,1200,657211,3889750,1200,19.544,6,3.6,107.047447,,,
VRO,IM10,EMIII-MMIA,2449.56,EMII-III,prepal,59,VIM10,1200,657211,3889748,1200,19.544,6,3.6,107.047447,,,
VRO,IM10,MMIB-II,2449.56,MMI-II,proto,165,VIM10,1200,657211,3889748,1200,19.544,6,3.6,107.047447,,,
VRO,IM11,FN,2187.83,FN-EMIIA,prepal,24,VIM11,2000,656888,3889568,2000,25.231,10,6,138.1976598,,,
VRO,IM11,EMI-II,2187.83,FN-EMI/IIA,prepal,62,VIM11,2000,656888,3889570,2000,25.231,10,6,138.1976598,,,
VRO,IM11,EMIII-MMIA,2187.83,EMII-III,prepal,60,VIM11,2000,656888,3889568,2000,25.231,10,6,138.1976598,,,
VRO,IM11,MMIB-II,2187.83,MMI-II,proto,166,VIM11,2000,656888,3889568,2000,25.231,10,6,138.1976598,,,
VRO,IM11,MMIII-LMI,2187.83,MMIII-LMIB,neo,135,VIM11,2000,656888,3889568,2000,25.231,10,6,138.1976598,,,
VRO,IM12,MMIB-II,3657.44,MMI-II,proto,167,VIM12,2500,656844,3889304,2500,28.209,25,15,218.5096861,,,
VRO,IM13,MMIB-II,7440.3,MMI-II,proto,168,VIM13,100,657176,3889396,100,5.642,0.5,0.3,30.90193616,,,
VRO,IM13,HEL-RMN,7440.3,CLASS-HEL,greco-rmn,130,VIM13,100,657176,3889396,100,5.642,0.5,0.3,30.90193616,,,
VRO,IM14,MMIB-II,384.073,MMI-II,proto,169,VIM14,100,657079,3889369,100,5.642,0.5,0.3,30.90193616,,,
VRO,IM15,HEL-RMN,4142.24,ROMAN,greco-rmn,95,VIM15,6300,657028,3888753,6300,44.781,63,37.8,346.8733731,,,
VRO,IM2,LMIIIA-IIIB,8749.58,LMIIIA-IIIB,postpal,30,VIM2,100,656737,3890144,100,5.642,0.5,0.3,30.90193616,,,
VRO,IM2,LMIIIC-GEO,8749.58,LMIIIC-GEO,sub-min,38,VIM2,100,656737,3890144,100,5.642,0.5,0.3,30.90193616,,,
VRO,IM2,HEL-RMN,8749.58,ROMAN,greco-rmn,83,VIM2,400,656737,3890144,400,11.284,2,1.2,61.80387232,,,
VRO,IM2,MMIB-II,8749.58,MMI-II,proto,159,VIM2,12800,656737,3890144,12800,63.831,128,76.8,494.4309786,,,
VRO,IM2,MMIII-LMI,8749.58,MMIII-LMIB,neo,132,VIM2,13000,656737,3890144,13000,64.328,130,78,498.2787485,,,
VRO,IM3,FN,3458.17,FN-EMIIA,prepal,21,VIM3,1400,656765,3888705,1400,21.11,7,4.2,115.6244577,,,
VRO,IM3,EMI-II,3458.17,FN-EMI/IIA,prepal,59,VIM3,1400,656765,3888710,1400,21.11,7,4.2,115.6244577,,,
VRO,IM3,EMIII-MMIA,3458.17,EMII-III,prepal,53,VIM3,1400,656765,3888705,1400,21.11,7,4.2,115.6244577,,,
VRO,IM3,MMIB-II,3458.17,MMI-II,proto,160,VIM3,1400,656765,3888705,1400,21.11,7,4.2,115.6244577,,,
VRO,IM3,HEL-RMN,3458.17,ROMAN,greco-rmn,84,VIM3,1400,656765,3888705,1400,21.11,7,4.2,115.6244577,,,
VRO,IM5,MMIII-LMI,7687.35,MMIII-LMIB,neo,133,VIM5,100,656632,3889654,100,5.642,0.5,0.3,30.90193616,,,
VRO,IM5,HEL-RMN,7687.35,ROMAN,greco-rmn,85,VIM5,100,656632,3889654,100,5.642,0.5,0.3,30.90193616,,,
VRO,IM5,EMIII-MMIA,7687.35,EMII-III,prepal,54,VIM5,6000,656632,3889654,6000,43.702,60,36,338.5137501,,,
VRO,IM5,MMIB-II,7687.35,MMI-II,proto,161,VIM5,6000,656632,3889654,6000,43.702,60,36,338.5137501,,,
VRO,IM5,FN,7687.35,FN-EMIIA,prepal,22,VIM5,6000,656632,3889654,6000,43.702,60,36,338.5137501,,,
VRO,IM5,EMI-II,7687.35,FN-EMI/IIA,prepal,60,VIM5,6000,656632,3889650,6000,43.702,60,36,338.5137501,,,
VRO,IM6,EMI-II,1073.88,EMII-III,prepal,91,VIM6,100,657311,3890420,100,5.642,0.5,0.3,30.90193616,,,
VRO,IM6,EMIII-MMIA,1073.88,EMII-III,prepal,55,VIM6,100,657311,3890422,100,5.642,0.5,0.3,30.90193616,,,
VRO,IM6,MMIB-II,1073.88,MMI-II,proto,162,VIM6,100,657311,3890422,100,5.642,0.5,0.3,30.90193616,,,
VRO,IM7,FN,2806.74,FN-EMIIA,prepal,23,VIM7,1100,656989,3890204,1100,18.712,5.5,3.3,102.4901275,,,
VRO,IM7,EMI-II,2806.74,FN-EMI/IIA,prepal,61,VIM7,1100,656989,3890200,1100,18.712,5.5,3.3,102.4901275,,,
VRO,IM7,EMIII-MMIA,2806.74,EMII-III,prepal,56,VIM7,1100,656989,3890204,1100,18.712,5.5,3.3,102.4901275,,,
VRO,IM8,EMI-II,1770.64,EMII-III,prepal,92,VIM8,1500,657095,3890010,1500,21.851,7.5,4.5,119.6826841,,,
VRO,IM8,EMIII-MMIA,1770.64,EMII-III,prepal,57,VIM8,1500,657095,3890013,1500,21.851,7.5,4.5,119.6826841,,,
VRO,IM8,MMIB-II,1770.64,MMI-II,proto,163,VIM8,1500,657095,3890013,1500,21.851,7.5,4.5,119.6826841,,,
VRO,IM9,EMI-II,5224.38,EMII-III,prepal,93,VIM9,6000,656923,3889690,6000,43.702,60,36,338.5137501,,,
VRO,IM9,EMIII-MMIA,5224.38,EMII-III,prepal,58,VIM9,6000,656923,3889685,6000,43.702,60,36,338.5137501,,,
VRO,IM9,MMIB-II,5224.38,MMI-II,proto,164,VIM9,6000,656923,3889685,6000,43.702,60,36,338.5137501,,,
VRO,IM9,MMIII-LMI,5224.38,MMIII-LMIB,neo,134,VIM9,6000,656923,3889685,6000,43.702,60,36,338.5137501,,,
VRO,IS1,MMIII-LMI,7231.48,MMIII-LMIB,neo,136,VIS1,8000,658471,3888013,8000,50.463,80,48,390.8820095,,,
VRO,IS1,LMIIIA-IIIB,7231.48,LMIIIA-IIIB,postpal,31,VIS1,8000,658471,3888013,8000,50.463,80,48,390.8820095,,,
VRO,IS1,MMIB-II,7231.48,MMI-II,proto,170,VIS1,9600,658471,3888013,9600,55.279,96,57.6,428.1897879,,,
VRO,IS2,EMIII-MMIA,9039,EMII-III,prepal,61,VIS2,10000,657763,3887686,10000,56.419,100,60,437.0193722,,,
VRO,IS2,MMIB-II,9039,MMI-II,proto,171,VIS2,10000,657763,3887686,10000,56.419,100,60,437.0193722,,,
VRO,IS2,FN,9039,FN-EMIIA,prepal,25,VIS2,10000,657763,3887686,10000,56.419,100,60,437.0193722,,,
VRO,IS2,EMI-II,9039,FN-EMI/IIA,prepal,63,VIS2,10000,657763,3887690,10000,56.419,100,60,437.0193722,,,
VRO,IS3,HEL-RMN,8674.49,ROMAN,greco-rmn,86,VIS3,15000,657537,3887538,15000,69.099,150,90,535.2372348,,,
VRO,KA1/3,LMIIIA-IIIB,16992.1,LMIIIA-IIIB,postpal,32,VKA1/3,100,657272,3887463,100,5.642,0.5,0.3,30.90193616,,,
VRO,KA1/3,LMIIIC-GEO,16992.1,LMIIIC-GEO,sub-min,39,VKA1/3,100,657272,3887463,100,5.642,0.5,0.3,30.90193616,,,
VRO,KA1/3,MMIII-LMI,16992.1,MMIII-LMIB,neo,137,VKA1/3,2500,657272,3887463,2500,28.209,25,15,218.5096861,,,
VRO,KA1/3,ORIENT-ARCH,16992.1,ORIENT-ARCH,greek,15,VKA1/3,2500,657272,3887463,2500,28.209,25,15,218.5096861,,,
VRO,KA1/3,EMI-II,16992.1,EMII-III,prepal,95,VKA1/3,25000,657272,3887460,25000,89.206,375,225,846.2843753,,,
VRO,KA1/3,EMIII-MMIA,16992.1,EMII-III,prepal,62,VKA1/3,25000,657272,3887463,25000,89.206,375,225,846.2843753,,,
VRO,KA1/3,MMIB-II,16992.1,MMI-II,proto,172,VKA1/3,25000,657272,3887463,25000,89.206,375,225,846.2843753,,,
VRO,KA2,EMI-II,8615.33,EMII-III,prepal,96,VKA2,7000,657438,3887220,7000,47.203,70,42,365.6366396,,,
VRO,KA2,EMIII-MMIA,8615.33,EMII-III,prepal,63,VKA2,7000,657438,3887216,7000,47.203,70,42,365.6366396,,,
VRO,KA2,MMIB-II,8615.33,MMI-II,proto,173,VKA2,7000,657438,3887216,7000,47.203,70,42,365.6366396,,,
VRO,KK1,EMIII-MMIA,14056.5,EMII-III,prepal,64,VKK1,100,656088,3886620,100,5.642,0.5,0.3,30.90193616,,,
VRO,KK1,EMI-II,14056.5,EMII-III,prepal,97,VKK1,100,656088,3886620,100,5.642,0.5,0.3,30.90193616,,,
VRO,KK1,MMIB-II,14056.5,MMI-II,proto,174,VKK1,12000,656088,3886620,12000,61.804,120,72,478.7307365,,,
VRO,KK1,MMIII-LMI,14056.5,MMIII-LMIB,neo,138,VKK1,12000,656088,3886620,12000,61.804,120,72,478.7307365,,,
VRO,KK1,ORIENT-ARCH,14056.5,ORIENT-ARCH,greek,16,VKK1,12000,656088,3886620,12000,61.804,120,72,478.7307365,,,
VRO,KK1,HEL-RMN,14056.5,ROMAN,greco-rmn,87,VKK1,12000,656088,3886620,12000,61.804,120,72,478.7307365,,,
VRO,KK10,HEL-RMN,1782.87,ROMAN,greco-rmn,89,VKK10,400,655222,3886297,400,11.284,2,1.2,61.80387232,,,
VRO,KK2,LMIIIC-GEO,6225.82,LMIIIC-GEO,sub-min,40,VKK2,8000,655652,3886416,8000,50.463,80,48,390.8820095,,,
VRO,KK3,HEL-RMN,7619.78,ROMAN,greco-rmn,88,VKK3,8500,656779,3887092,8500,52.016,85,51,402.9119531,,,
VRO,KK5,EMI-II,2314.54,EMII-III,prepal,98,VKK5,100,655925,3886350,100,5.642,0.5,0.3,30.90193616,,,
VRO,KK5,EMIII-MMIA,2314.54,EMII-III,prepal,65,VKK5,100,655925,3886349,100,5.642,0.5,0.3,30.90193616,,,
VRO,KK5,MMIB-II,2314.54,MMI-II,proto,175,VKK5,3000,655925,3886349,3000,30.902,30,18,239.3653682,,,
VRO,KK5,MMIII-LMI,2314.54,MMIII-LMIB,neo,139,VKK5,3000,655925,3886349,3000,30.902,30,18,239.3653682,,,
VRO,KK5,LMIIIA-IIIB,2314.54,LMIIIA-IIIB,postpal,33,VKK5,3000,655925,3886349,3000,30.902,30,18,239.3653682,,,
VRO,KK6,EMIII-MMIA,7892.22,EMII-III,prepal,66,VKK6,100,656691,3886544,100,5.642,0.5,0.3,30.90193616,,,
VRO,KK6,MMIB-II,7892.22,MMI-II,proto,176,VKK6,100,656691,3886544,100,5.642,0.5,0.3,30.90193616,,,
VRO,KK6,MMIII-LMI,7892.22,MMIII-LMIB,neo,140,VKK6,100,656691,3886544,100,5.642,0.5,0.3,30.90193616,,,
VRO,KK6,LMIIIA-IIIB,7892.22,LMIIIA-IIIB,postpal,34,VKK6,100,656691,3886544,100,5.642,0.5,0.3,30.90193616,,,
VRO,KK6,LMIIIC-GEO,7892.22,LMIIIC-GEO,sub-min,41,VKK6,100,656691,3886544,100,5.642,0.5,0.3,30.90193616,,,
VRO,KK6,FN,7892.22,FN-EMIIA,prepal,26,VKK6,15000,656691,3886544,15000,69.099,150,90,535.2372348,,,
VRO,KK6,EMI-II,7892.22,FN-EMI/IIA,prepal,64,VKK6,15000,656691,3886540,15000,69.099,150,90,535.2372348,,,
VRO,KK7,MMIB-II,2487.19,MMI-II,proto,177,VKK7,300,657362,3886439,300,9.772,1.5,0.9,53.52372348,,,
VRO,KK7,MMIII-LMI,2487.19,MMIII-LMIB,neo,141,VKK7,300,657362,3886439,300,9.772,1.5,0.9,53.52372348,,,
VRO,KL1,HEL-RMN,2037.41,ROMAN,greco-rmn,90,VKL1,2100,658550,3885668,2100,25.854,10.5,6.3,141.6104616,,,
VRO,KM1,EMIII-MMIA,14296.8,EMII-III,prepal,68,VKM1,100,661823,3886756,100,5.642,0.5,0.3,30.90193616,,,
VRO,KM1,HEL-RMN,14296.8,ROMAN,greco-rmn,91,VKM1,100,661823,3886756,100,5.642,0.5,0.3,30.90193616,,,
VRO,KM1,LMIIIA-IIIB,14296.8,LMIIIA-IIIB,postpal,35,VKM1,1600,661823,3886756,1600,22.568,8,4.8,123.6077446,,,
VRO,KM1,LMIIIC-GEO,14296.8,LMIIIC-GEO,sub-min,42,VKM1,1600,661823,3886756,1600,22.568,8,4.8,123.6077446,,,
VRO,KM1,EMI-II,14296.8,EMII-III,prepal,100,VKM1,100,661823,3886760,100,5.642,0.5,0.3,30.90193616,,,
VRO,KM1,MMIB-II,14296.8,MMI-II,proto,179,VKM1,8600,661823,3886756,8600,52.321,86,51.6,405.2750933,,,
VRO,KM1,MMIII-LMI,14296.8,MMIII-LMIB,neo,142,VKM1,8600,661823,3886756,8600,52.321,86,51.6,405.2750933,,,
VRO,KM1A,EMI-II,4519.67,EMII-III,prepal,99,VKM1A,100,661642,3887000,100,5.642,0.5,0.3,30.90193616,,,
VRO,KM1A,EMIII-MMIA,4519.67,EMII-III,prepal,67,VKM1A,100,661642,3886997,100,5.642,0.5,0.3,30.90193616,,,
VRO,KM1A,MMIB-II,4519.67,MMI-II,proto,178,VKM1A,5000,661642,3886997,5000,39.894,50,30,309.0193616,,,
VRO,KM2,EMI-II,20154.6,EMII-III,prepal,101,VKM2,100,661482,3886590,100,5.642,0.5,0.3,30.90193616,,,
VRO,KM2,EMIII-MMIA,20154.6,EMII-III,prepal,69,VKM2,100,661482,3886593,100,5.642,0.5,0.3,30.90193616,,,
VRO,KM2,LMIIIA-IIIB,20154.6,LMIIIA-IIIB,postpal,36,VKM2,100,661482,3886593,100,5.642,0.5,0.3,30.90193616,,,
VRO,KM2,HEL-RMN,20154.6,ROMAN,greco-rmn,92,VKM2,100,661482,3886593,100,5.642,0.5,0.3,30.90193616,,,
VRO,KM2,LMIIIC-GEO,20154.6,LMIIIC-GEO,sub-min,43,VKM2,5000,661482,3886593,5000,39.894,50,30,309.0193616,,,
VRO,KM2,MMIII-LMI,20154.6,MMIII-LMIB,neo,143,VKM2,11000,661482,3886593,11000,59.173,110,66,458.3497844,,,
VRO,KM2,MMIB-II,20154.6,MMI-II,proto,180,VKM2,12000,661482,3886593,12000,61.804,120,72,478.7307365,,,
VRO,KM3,EMIII-MMIA,1137.11,EMII-III,prepal,70,VKM3,2300,661087,3886902,2300,27.058,11.5,6.9,148.2004796,,,
VRO,KM3,MMIB-II,1137.11,MMI-II,proto,181,VKM3,2300,661087,3886902,2300,27.058,11.5,6.9,148.2004796,,,
VRO,KM3,MMIII-LMI,1137.11,MMIII-LMIB,neo,144,VKM3,2300,661087,3886902,2300,27.058,11.5,6.9,148.2004796,,,
VRO,KM3,FN,1137.11,FN/EMI,prepal,43,VKM3,100,661087,3886902,100,5.642,0.5,0.3,30.90193616,,,
VRO,KM3,EMI-II,1137.11,FN-EMI/IIA,prepal,82,VKM3,100,661087,3886900,100,5.642,0.5,0.3,30.90193616,,,
VRO,KP1,EMI-II,5456.73,EMII-III,prepal,103,VKP1,3600,658415,3887790,3600,33.851,36,21.6,262.2116233,,,
VRO,KP1,EMIII-MMIA,5456.73,EMII-III,prepal,71,VKP1,3600,658415,3887790,3600,33.851,36,21.6,262.2116233,,,
VRO,KP1,MMIB-II,5456.73,MMI-II,proto,182,VKP1,3600,658415,3887790,3600,33.851,36,21.6,262.2116233,,,
VRO,KP1,MMIII-LMI,5456.73,MMIII-LMIB,neo,145,VKP1,3600,658415,3887790,3600,33.851,36,21.6,262.2116233,,,
VRO,KP10,FN,2092.2,FN/EMI,prepal,44,VKP10,100,658280,3887247,100,5.642,0.5,0.3,30.90193616,,,
VRO,KP10,EMI-II,2092.2,FN-EMI/IIA,prepal,83,VKP10,100,658280,3887250,100,5.642,0.5,0.3,30.90193616,,,
VRO,KP2,EMI-II,6348.11,FN-EMI/IIA,prepal,65,VKP2,100,657896,3887360,100,5.642,0.5,0.3,30.90193616,,,
VRO,KP2,EMIII-MMIA,6348.11,EMII-III,prepal,72,VKP2,6000,657896,3887360,6000,43.702,60,36,338.5137501,,,
VRO,KP2,MMIB-II,6348.11,MMI-II,proto,183,VKP2,6000,657896,3887360,6000,43.702,60,36,338.5137501,,,
VRO,KP3,EMI-II,2023.69,FN-EMI/IIA,prepal,66,VKP3,100,657873,3887450,100,5.642,0.5,0.3,30.90193616,,,
VRO,KP4,EMI-II,501.883,EMII-III,prepal,104,VKP4,5000,657958,3887220,5000,39.894,50,30,309.0193616,,,
VRO,KP4,EMIII-MMIA,501.883,EMII-III,prepal,73,VKP4,5000,657958,3887216,5000,39.894,50,30,309.0193616,,,
VRO,KP4,MMIB-II,501.883,MMI-II,proto,184,VKP4,6000,657958,3887216,6000,43.702,60,36,338.5137501,,,
VRO,KP5,LMIIIC-GEO,2603.3,LMIIIC-GEO,sub-min,44,VKP5,100,657649,3887313,100,5.642,0.5,0.3,30.90193616,,,
VRO,KP5,MMIII-LMI,2603.3,MMIII-LMIB,neo,146,VKP5,2100,657649,3887313,2100,25.854,10.5,6.3,141.6104616,,,
VRO,KP5,LMIIIA-IIIB,2603.3,LMIIIA-IIIB,postpal,37,VKP5,2100,657649,3887313,2100,25.854,10.5,6.3,141.6104616,,,
VRO,KP5A,MMIB-II,2603.3,MMI-II,proto,185,VKP5A,400,657649,3887313,400,11.284,2,1.2,61.80387232,,,
VRO,KP6,LMIIIA-IIIB,3273.59,LMIIIA-IIIB,postpal,38,VKP6,900,658460,3887544,900,16.926,4.5,2.7,92.70580849,,,
VRO,KP6,EMIII-MMIA,3273.59,EMII-III,prepal,74,VKP6,1000,658460,3887544,1000,17.841,5,3,97.72050238,,,
VRO,KP6,LMIIIC-GEO,3273.59,LMIIIC-GEO,sub-min,45,VKP6,9000,658460,3887544,9000,53.524,90,54,414.5929794,,,
VRO,KP6,FN,3273.59,FN-EMIIA,prepal,28,VKP6,5000,658460,3887544,5000,39.894,50,30,309.0193616,,,
VRO,KP6,EMI-II,3273.59,FN-EMI/IIA,prepal,67,VKP6,5000,658460,3887540,5000,39.894,50,30,309.0193616,,,
VRO,KP7,LMIIIC-GEO,1478.53,LMIIIC-GEO,sub-min,46,VKP7,9000,658583,3887374,9000,53.524,90,54,414.5929794,,,
VRO,KP9,LMIIIC-GEO,4884.42,LMIIIC-GEO,sub-min,47,VKP9,100,658253,3887731,100,5.642,0.5,0.3,30.90193616,,,
VRO,KPh1,ORIENT-ARCH,3864.56,ORIENT-ECLA,greek,22,VKPh1,5000,656477,3884154,5000,39.894,50,30,309.0193616,,,
VRO,KPh3,ORIENT-ARCH,4559.23,ORIENT-ECLA,greek,23,VKPh3,3500,657099,3883966,3500,33.378,35,21,258.5441473,,,
VRO,KPh4,ORIENT-ARCH,7983.15,ORIENT-ECLA,greek,24,VKPh4,10000,656779,3884173,10000,56.419,100,60,437.0193722,,,
VRO,KPh5,MMIB-II,934.218,MMI-II,proto,186,VKPh5,600,656837,3884368,600,13.82,3,1.8,75.69397566,,,
VRO,MK1,MMIB-II,3290.87,MMI-II,proto,187,VMK1,1000,657459,3884920,1000,17.841,5,3,97.72050238,,,
VRO,MK1,MMIII-LMI,3290.87,MMIII-LMIB,neo,147,VMK1,1000,657459,3884920,1000,17.841,5,3,97.72050238,,,
VRO,MK1,EMIII-MMIA,3290.87,EMII-III,prepal,75,VMK1,1800,657459,3884920,1800,23.937,9,5.4,131.1058117,,,
VRO,MK1,EMI-II,3290.87,EMII-III,prepal,105,VMK1,1800,657459,3884920,1800,23.937,9,5.4,131.1058117,,,
VRO,MK2,HEL-RMN,1489,ROMAN,greco-rmn,93,VMK2,100,657326,3884662,100,5.642,0.5,0.3,30.90193616,,,
VRO,MK4,HEL-RMN,1828.22,ROMAN,greco-rmn,94,VMK4,100,657674,3884880,100,5.642,0.5,0.3,30.90193616,,,
VRO,NP1,LMIIIA-IIIB,267670,LMIIIA-IIIB,postpal,40,VNP1,100,658323,3888474,100,5.642,0.5,0.3,30.90193616,,,
VRO,NP1,FN,267670,FN-EMIIA,prepal,29,VNP1,100,658323,3888474,100,5.642,0.5,0.3,30.90193616,,,
VRO,NP1,EMI-II,267670,FN-EMI/IIA,prepal,68,VNP1,100,658323,3888470,100,5.642,0.5,0.3,30.90193616,,,
VRO,NP1,ORIENT-ARCH,267670,ORIENT-ARCH,greek,17,VNP1,250000,658323,3888474,250000,282.095,5000,3000,3090.193616,,,
VRO,NP1,HEL-RMN,267670,CLASS-HEL,greco-rmn,133,VNP1,250000,658323,3888474,250000,282.095,5000,3000,3090.193616,,,
VRO,OL10,HEL-RMN,2008.98,ROMAN,greco-rmn,100,VOL10,6300,656423,3883929,6300,44.781,63,37.8,346.8733731,,,
VRO,OL12,MMIII-LMI,2179.57,MMIII-LMIB,neo,149,VOL12,100,657063,3883882,100,5.642,0.5,0.3,30.90193616,,,
VRO,OL12,MMIB-II,2179.57,MMI-II,proto,189,VOL12,2500,657063,3883882,2500,28.209,25,15,218.5096861,,,
VRO,OL13,MMIB-II,25274.5,MMI-II,proto,190,VOL13,400,655931,3883364,400,11.284,2,1.2,61.80387232,,,
VRO,OL14,ORIENT-ARCH,1067.6,ORIENT-ECLA,greek,33,VOL14,1500,655517,3883776,1500,21.851,7.5,4.5,119.6826841,,,
VRO,OL1A,ORIENT-ARCH,4690.67,ORIENT-ECLA,greek,25,VOL1A,9800,655490,3884074,9800,55.852,98,58.8,432.6271063,,,
VRO,OL1B,HEL-RMN,38893,ROMAN,greco-rmn,96,VOL1B,400,656047,3883798,400,11.284,2,1.2,61.80387232,,,
VRO,OL1B,ORIENT-ARCH,38893,ORIENT-ECLA,greek,26,VOL1B,60500,656047,3883798,60500,138.772,1210,726,1520.174258,,,
VRO,OL2,HEL-RMN,9405.89,ROMAN,greco-rmn,97,VOL2,31500,656045,3883344,31500,100.134,472.5,283.5,949.9518553,,,
VRO,OL2,ORIENT-ARCH,9405.89,ORIENT-ECLA,greek,27,VOL2,32000,656045,3883344,32000,100.925,480,288,957.461473,,,
VRO,OL3,ORIENT-ARCH,5327.53,ORIENT-ECLA,greek,28,VOL3,5600,656550,3883727,5600,42.22,56,33.6,327.0353525,,,
VRO,OL3,HEL-RMN,5327.53,ROMAN,greco-rmn,98,VOL3,5600,656550,3883727,5600,42.22,56,33.6,327.0353525,,,
VRO,OL4,ORIENT-ARCH,908.465,ORIENT-ECLA,greek,29,VOL4,900,655357,3883672,900,16.926,4.5,2.7,92.70580849,,,
VRO,OL6,ORIENT-ARCH,1731.81,ORIENT-ECLA,greek,30,VOL6,1200,656724,3883736,1200,19.544,6,3.6,107.047447,,,
VRO,OL6,HEL-RMN,1731.81,ROMAN,greco-rmn,99,VOL6,1200,656724,3883736,1200,19.544,6,3.6,107.047447,,,
VRO,OL7E,ORIENT-ARCH,2833.02,ORIENT-ECLA,greek,31,VOL7E,4000,656532,3883306,4000,35.682,40,24,276.3953196,,,
VRO,OL7W,ORIENT-ARCH,1013.25,ORIENT-ECLA,greek,32,VOL7W,4900,656466,3883405,4900,39.493,49,29.4,305.9135606,,,
VRO,OL8,LMIIIA-IIIB,7285.51,LMIIIA-IIIB,postpal,39,VOL8,100,657069,3883751,100,5.642,0.5,0.3,30.90193616,,,
VRO,OL8,MMIB-II,7285.51,MMI-II,proto,188,VOL8,1800,657069,3883751,1800,23.937,9,5.4,131.1058117,,,
VRO,OL8,MMIII-LMI,7285.51,MMIII-LMIB,neo,148,VOL8,1800,657069,3883751,1800,23.937,9,5.4,131.1058117,,,
VRO,OL8,FN,7285.51,FN-EMIIA,prepal,30,VOL8,1800,657069,3883751,1800,23.937,9,5.4,131.1058117,,,
VRO,OL8,EMI-II,7285.51,FN-EMI/IIA,prepal,69,VOL8,1800,657069,3883750,1800,23.937,9,5.4,131.1058117,,,
VRO,OL8,EMIII-MMIA,7285.51,EMII-III,prepal,76,VOL8,3000,657069,3883751,3000,30.902,30,18,239.3653682,,,
VRO,PhR1,HEL-RMN,5979.56,ROMAN,greco-rmn,102,VPhR1,400,661528,3887414,400,11.284,2,1.2,61.80387232,,,
VRO,PhR1,EMIII-MMIA,5979.56,EMII-III,prepal,77,VPhR1,1200,661528,3887414,1200,19.544,6,3.6,107.047447,,,
VRO,PhR1,MMIB-II,5979.56,MMI-II,proto,191,VPhR1,3000,661528,3887414,3000,30.902,30,18,239.3653682,,,
VRO,PhR1,EMI-II,5979.56,FN-EMI/IIA,prepal,70,VPhR1,3000,661528,3887410,3000,30.902,30,18,239.3653682,,,
VRO,PhR1,FN,1191.77,FN-EMIIA,prepal,31,VPhR1,3000,661546,3887320,3000,30.902,30,18,239.3653682,,,
VRO,PhR2,EMI-II,1309.37,EMII-III,prepal,106,VPhR2,1000,661316,3887260,1000,17.841,5,3,97.72050238,,,
VRO,PhR2,EMIII-MMIA,1309.37,EMII-III,prepal,78,VPhR2,1000,661316,3887257,1000,17.841,5,3,97.72050238,,,
VRO,PhR2,MMIB-II,1309.37,MMI-II,proto,192,VPhR2,1200,661316,3887257,1200,19.544,6,3.6,107.047447,,,
VRO,PhR3,MMIB-II,4125.97,MMI-II,proto,193,VPhR3,3500,661724,3887174,3500,33.378,35,21,258.5441473,,,
VRO,PI1,MMIB-II,5265.24,MMI-II,proto,194,VPI1,1000,655661,3885818,1000,17.841,5,3,97.72050238,,,
VRO,PI1,FN,5265.24,FN-EMIIA,prepal,32,VPI1,1000,655661,3885818,1000,17.841,5,3,97.72050238,,,
VRO,PI1,EMI-II,5265.24,FN-EMI/IIA,prepal,71,VPI1,1000,655661,3885820,1000,17.841,5,3,97.72050238,,,
VRO,PI1,EMIII-MMIA,5265.24,EMII-III,prepal,79,VPI1,3500,655661,3885818,3500,33.378,35,21,258.5441473,,,
VRO,PI2,MMIII-LMI,16566.2,MMIII-LMIB,neo,150,VPI2,16000,655948,3884920,16000,71.365,160,96,552.7906392,,,
VRO,PI2,HEL-RMN,16566.2,ROMAN,greco-rmn,101,VPI2,16000,655948,3884920,16000,71.365,160,96,552.7906392,,,
VRO,PI2,MMIB-II,16566.2,MMI-II,proto,195,VPI2,16800,655948,3884920,16800,73.127,168,100.8,566.4418463,,,
VRO,PI3,MMIII-LMI,1559.5,MMIII-LMIB,neo,151,VPI3,600,654889,3884896,600,13.82,3,1.8,75.69397566,,,
VRO,PI5,MMIB-II,4134.61,MMI-II,proto,196,VPI5,100,655659,3884757,100,5.642,0.5,0.3,30.90193616,,,
VRO,PI5,FN,4134.61,FN/EMI,prepal,45,VPI5,100,655659,3884757,100,5.642,0.5,0.3,30.90193616,,,
VRO,PI5,EMI-II,4134.61,FN-EMI/IIA,prepal,84,VPI5,100,655659,3884760,100,5.642,0.5,0.3,30.90193616,,,
VRO,PI5,MMIII-LMI,4134.61,MMIII-LMIB,neo,152,VPI5,4500,655659,3884757,4500,37.847,45,27,293.1615071,,,
VRO,PI5,LMIIIA-IIIB,4134.61,LMIIIA-IIIB,postpal,41,VPI5,4500,655659,3884757,4500,37.847,45,27,293.1615071,,,
VRO,PI6,MMIB-II,3135.09,MMI-II,proto,197,VPI6,100,655545,3884528,100,5.642,0.5,0.3,30.90193616,,,
VRO,PI6,MMIII-LMI,3135.09,MMIII-LMIB,neo,153,VPI6,800,655545,3884528,800,15.958,4,2.4,87.40387445,,,
VRO,PI6,LMIIIA-IIIB,3135.09,LMIIIA-IIIB,postpal,42,VPI6,800,655545,3884528,800,15.958,4,2.4,87.40387445,,,
VRO,PN1,MMIII-LMI,6038.74,MMIII-LMIB,neo,154,VPN1,100,653789,3884514,100,5.642,0.5,0.3,30.90193616,,,
VRO,PN1,MMIB-II,6038.74,MMI-II,proto,198,VPN1,3500,653789,3884514,3500,33.378,35,21,258.5441473,,,
VRO,PN1,ORIENT-ARCH,6038.74,ORIENT-ECLA,greek,34,VPN1,3500,653789,3884514,3500,33.378,35,21,258.5441473,,,
VRO,PN1,FN,6038.74,FN-EMIIA,prepal,33,VPN1,3500,653789,3884514,3500,33.378,35,21,258.5441473,,,
VRO,PN1,EMI-II,6038.74,FN-EMI/IIA,prepal,72,VPN1,3500,653789,3884510,3500,33.378,35,21,258.5441473,,,
VRO,PN3:1,FN,4329.97,FN-EMIIA,prepal,34,VPN3:1,900,654308,3885549,900,16.926,4.5,2.7,92.70580849,,,
VRO,PN3:1,EMI-II,4329.97,FN-EMI/IIA,prepal,73,VPN3:1,900,654308,3885550,900,16.926,4.5,2.7,92.70580849,,,
VRO,PN3:1,EMIII-MMIA,4329.97,EMII-III,prepal,80,VPN3:1,900,654308,3885549,900,16.926,4.5,2.7,92.70580849,,,
VRO,PN3:1,MMIB-II,4329.97,MMI-II,proto,199,VPN3:1,900,654308,3885549,900,16.926,4.5,2.7,92.70580849,,,
VRO,PN3:1,HEL-RMN,4329.97,ROMAN,greco-rmn,103,VPN3:1,3800,654308,3885549,3800,34.779,38,22.8,269.3968338,,,
VRO,PN3:3,LMIIIC-GEO,1460.69,LMIIIC-GEO,sub-min,48,VPN3:3,100,654388,3885509,100,5.642,0.5,0.3,30.90193616,,,
VRO,PN3:4,MMIII-LMI,2252.82,MMIII-LMIB,neo,155,VPN3:4,900,654473,3885503,900,16.926,4.5,2.7,92.70580849,,,
VRO,PN4,MMIB-II,4521.61,MMI-II,proto,200,VPN4,3800,654154,3884429,3800,34.779,38,22.8,269.3968338,,,
VRO,PP1,LMIIIA-IIIB,20197.2,LMIIIA-IIIB,postpal,43,VPP1,100,657555,3888323,100,5.642,0.5,0.3,30.90193616,,,
VRO,PP1,LMIIIC-GEO,20197.2,LMIIIC-GEO,sub-min,49,VPP1,100,657555,3888323,100,5.642,0.5,0.3,30.90193616,,,
VRO,PP1,ORIENT-ARCH,20197.2,ORIENT-ARCH,greek,18,VPP1,2500,657555,3888323,2500,28.209,25,15,218.5096861,,,
VRO,PP1,HEL-RMN,20197.2,ROMAN,greco-rmn,104,VPP1,7500,657555,3888323,7500,48.86,75,45,378.4698783,,,
VRO,PP1,MMIII-LMI,20197.2,MMIII-LMIB,neo,156,VPP1,22500,657555,3888323,60000,138.1977,1200,720,1513.88,,,
VRO,PP1,EMIII-MMIA,20197.2,EMII-III,prepal,81,VPP1,23000,657555,3888323,23000,85.564,345,207,811.727457,,,
VRO,PP1,MMIB-II,20197.2,MMI-II,proto,201,VPP1,23000,657555,3888323,23000,85.564,345,207,811.727457,,,
VRO,PR1,HEL-RMN,14679.1,ROMAN,greco-rmn,105,VPR1,20000,656470,3887230,20000,79.788,300,180,756.9397566,,,
VRO,PR2,EMIII-MMIA,904.549,EMII-III,prepal,82,VPR2,400,655929,3886894,400,11.284,2,1.2,61.80387232,,,
VRO,PR2,MMIB-II,904.549,MMI-II,proto,202,VPR2,400,655929,3886894,400,11.284,2,1.2,61.80387232,,,
VRO,PR2,FN,904.549,FN-EMIIA,prepal,35,VPR2,400,655929,3886894,400,11.284,2,1.2,61.80387232,,,
VRO,PR2,EMI-II,904.549,FN-EMI/IIA,prepal,74,VPR2,400,655929,3886890,400,11.284,2,1.2,61.80387232,,,
VRO,PR2E,EMIII-MMIA,1007.79,,prepal,0,VPR2E,100,655956,3886993,100,5.642,0.5,0.3,30.90193616,,,
VRO,PR2E,MMIB-II,1007.79,,proto,0,VPR2E,100,655956,3886993,100,5.642,0.5,0.3,30.90193616,,,
VRO,PR2E,EMI-II,1007.79,,prepal,0,VPR2E,100,655956,3886990,100,5.642,0.5,0.3,30.90193616,,,
VRO,PR3,LMIIIC-GEO,1042.32,LMIIIC-GEO,sub-min,50,VPR3,100,656218,3887163,100,5.642,0.5,0.3,30.90193616,,,
VRO,PS3,EMI-II,2108.99,EMII-III,prepal,108,VPS3,1200,657963,3886180,1200,19.544,6,3.6,107.047447,,,
VRO,PS3,LMIIIA-IIIB,2108.99,LMIIIA-IIIB,postpal,44,VPS3,100,657963,3886181,100,5.642,0.5,0.3,30.90193616,,,
VRO,PS3,EMIII-MMIA,2108.99,EMII-III,prepal,83,VPS3,1200,657963,3886181,1200,19.544,6,3.6,107.047447,,,
VRO,PS3,MMIB-II,2108.99,MMI-II,proto,203,VPS3,1200,657963,3886181,1200,19.544,6,3.6,107.047447,,,
VRO,PS3,MMIII-LMI,2108.99,MMIII-LMIB,neo,157,VPS3,1200,657963,3886181,1200,19.544,6,3.6,107.047447,,,
VRO,PT1,MMIII-LMI,16365.1,MMIII-LMIB,neo,158,VPT1,100,659619,3886705,100,5.642,0.5,0.3,30.90193616,,,
VRO,PT1,EMIII-MMIA,16365.1,EMII-III,prepal,84,VPT1,15000,659619,3886705,15000,69.099,150,90,535.2372348,,,
VRO,PT1,MMIB-II,16365.1,MMI-II,proto,204,VPT1,15000,659619,3886705,15000,69.099,150,90,535.2372348,,,
VRO,PT1,FN,16365.1,FN-EMIIA,prepal,36,VPT1,15000,659619,3886705,15000,69.099,150,90,535.2372348,,,
VRO,PT1,EMI-II,16365.1,FN-EMI/IIA,prepal,75,VPT1,15000,659619,3886700,15000,69.099,150,90,535.2372348,,,
VRO,PT2,MMIB-II,1598.88,MMI-II,proto,205,VPT2,100,659650,3887059,100,5.642,0.5,0.3,30.90193616,,,
VRO,PT2,MMIII-LMI,1598.88,MMIII-LMIB,neo,159,VPT2,900,659650,3887059,900,16.926,4.5,2.7,92.70580849,,,
VRO,PT2,LMIIIA-IIIB,1598.88,LMIIIA-IIIB,postpal,45,VPT2,900,659650,3887059,900,16.926,4.5,2.7,92.70580849,,,
VRO,PT4,MMIII-LMI,1177.39,MMIII-LMIB,neo,160,VPT4,100,660288,3886718,100,5.642,0.5,0.3,30.90193616,,,
VRO,PT4,MMIB-II,1177.39,MMI-II,proto,206,VPT4,400,660288,3886718,400,11.284,2,1.2,61.80387232,,,
VRO,PV1,EMI-II,17254.4,EMII-III,prepal,109,VPV1,100,659967,3885860,100,5.642,0.5,0.3,30.90193616,,,
VRO,PV1,EMIII-MMIA,17254.4,EMII-III,prepal,85,VPV1,100,659967,3885864,100,5.642,0.5,0.3,30.90193616,,,
VRO,PV1,LMIIIC-GEO,17254.4,LMIIIC-GEO,sub-min,51,VPV1,100,659967,3885864,100,5.642,0.5,0.3,30.90193616,,,
VRO,PV1,LMIIIA-IIIB,17254.4,LMIIIA-IIIB,postpal,46,VPV1,400,659967,3885864,400,11.284,2,1.2,61.80387232,,,
VRO,PV1,HEL-RMN,17254.4,ROMAN,greco-rmn,106,VPV1,10000,659967,3885864,10000,56.419,100,60,437.0193722,,,
VRO,PV1,MMIB-II,17254.4,MMI-II,proto,207,VPV1,13000,659967,3885864,13000,64.328,130,78,498.2787485,,,
VRO,PV1,MMIII-LMI,17254.4,MMIII-LMIB,neo,161,VPV1,13000,659967,3885864,13000,64.328,130,78,498.2787485,,,
VRO,PV3,HEL-RMN,5155.67,ROMAN,greco-rmn,107,VPV3,100,660216,3885933,100,5.642,0.5,0.3,30.90193616,,,
VRO,PV3,MMIB-II,5155.67,MMI-II,proto,208,VPV3,3600,660216,3885933,3600,33.851,36,21.6,262.2116233,,,
VRO,SK1,ORIENT-ARCH,19750.1,ORIENT-ECLA,greek,35,VSK1,27500,658037,3883344,27500,93.56,412.5,247.5,887.5905409,,,
VRO,SK10,ORIENT-ARCH,6038.14,ORIENT-ECLA,greek,40,VSK10,8800,659528,3883262,8800,52.926,88,52.8,409.9605102,,,
VRO,SK11,ORIENT-ARCH,36255.1,ORIENT-ECLA,greek,41,VSK11,40000,657598,3883412,40000,112.838,800,480,1236.077446,,,
VRO,SK2,ORIENT-ARCH,11899.2,ORIENT-ECLA,greek,36,VSK2,15000,657461,3883910,15000,69.099,150,90,535.2372348,,,
VRO,SK3,HEL-RMN,3108.06,ROMAN,greco-rmn,108,VSK3,100,656848,3884111,100,5.642,0.5,0.3,30.90193616,,,
VRO,SK4,MMIB-II,1969.53,MMI-II,proto,209,VSK4,400,657554,3884165,400,11.284,2,1.2,61.80387232,,,
VRO,SK5,MMIII-LMI,9660.66,MMIII-LMIB,neo,162,VSK5,4900,657459,3884363,4900,39.493,49,29.4,305.9135606,,,
VRO,SK5,ORIENT-ARCH,9660.66,ORIENT-ECLA,greek,37,VSK5,4900,657459,3884363,4900,39.493,49,29.4,305.9135606,,,
VRO,SK5,HEL-RMN,9660.66,ROMAN,greco-rmn,109,VSK5,4900,657459,3884363,4900,39.493,49,29.4,305.9135606,,,
VRO,SK6,ORIENT-ARCH,13390.3,ORIENT-ECLA,greek,38,VSK6,15000,658712,3883056,15000,69.099,150,90,535.2372348,,,
VRO,SK7,HEL-RMN,8042.83,ROMAN,greco-rmn,110,VSK7,9500,659201,3883138,9500,54.99,95,57,425.9537946,,,
VRO,SK8,FN,1861.44,FN-EMIIA,prepal,37,VSK8,1300,659479,3882837,1300,20.342,6.5,3.9,111.4185153,,,
VRO,SK8,EMI-II,1861.44,FN-EMI/IIA,prepal,76,VSK8,1300,659479,3882840,1300,20.342,6.5,3.9,111.4185153,,,
VRO,SK8,EMIII-MMIA,1861.44,EMII-III,prepal,86,VSK8,1300,659479,3882837,1300,20.342,6.5,3.9,111.4185153,,,
VRO,SK8,MMIB-II,1861.44,MMI-II,proto,210,VSK8,1300,659479,3882837,1300,20.342,6.5,3.9,111.4185153,,,
VRO,SK9,EMIII-MMIA,2778.79,EMII-III,prepal,87,VSK9,8800,659431,3883261,8800,52.926,88,52.8,409.9605102,,,
VRO,SK9,MMIB-II,2778.79,MMI-II,proto,211,VSK9,8800,659431,3883261,8800,52.926,88,52.8,409.9605102,,,
VRO,SK9,ORIENT-ARCH,2778.79,ORIENT-ECLA,greek,39,VSK9,8800,659431,3883261,8800,52.926,88,52.8,409.9605102,,,
VRO,SK9,EMI-II,2778.79,EMII-III,prepal,110,VSK9,8800,659431,3883260,8800,52.926,88,52.8,409.9605102,,,
VRO,SO3,MMIII-LMI,1447.63,MMIII-LMIB,neo,163,VSO3,100,660751,3885439,100,5.642,0.5,0.3,30.90193616,,,
VRO,SP1A,HEL-RMN,13539.5,ROMAN,greco-rmn,111,VSP1A,2500,655268,3886866,2500,28.209,25,15,218.5096861,,,
VRO,SP1A,MMIB-II,13539.5,MMI-II,proto,212,VSP1A,7300,655268,3886866,7300,48.204,73,43.8,373.3895153,,,
VRO,SP1A,MMIII-LMI,13539.5,MMIII-LMIB,neo,164,VSP1A,7300,655268,3886866,7300,48.204,73,43.8,373.3895153,,,
VRO,SP1A,EMIII-MMIA,13539.5,EMII-III,prepal,88,VSP1A,9800,655268,3886866,9800,55.852,98,58.8,432.6271063,,,
VRO,SP1A,EMI-II,13539.5,EMII-III,prepal,111,VSP1A,9800,655268,3886870,9800,55.852,98,58.8,432.6271063,,,
VRO,SP1B,HEL-RMN,6182.72,ROMAN,greco-rmn,112,VSP1B,8000,655204,3886685,8000,50.463,80,48,390.8820095,,,
VRO,SP2,MMIB-II,3208.82,MMI-II,proto,213,VSP2,100,655187,3886447,100,5.642,0.5,0.3,30.90193616,,,
VRO,SP2,LMIIIA-IIIB,3208.82,LMIIIA-IIIB,postpal,47,VSP2,100,655187,3886447,100,5.642,0.5,0.3,30.90193616,,,
VRO,SP2,MMIII-LMI,3208.82,MMIII-LMIB,neo,165,VSP2,1500,655187,3886447,1500,21.851,7.5,4.5,119.6826841,,,
VRO,SP3,MMIB-II,1837.27,MMI-II,proto,214,VSP3,400,655080,3886403,400,11.284,2,1.2,61.80387232,,,
VRO,SP3,HEL-RMN,1837.27,ROMAN,greco-rmn,113,VSP3,400,655080,3886403,400,11.284,2,1.2,61.80387232,,,
VRO,TM10,FN,3382.83,FN/EMI,prepal,46,VTM10,100,660282,3884013,100,5.642,0.5,0.3,30.90193616,,,
VRO,TM10,EMI-II,3382.83,FN-EMI/IIA,prepal,85,VTM10,100,660282,3884010,100,5.642,0.5,0.3,30.90193616,,,
VRO,TM10,EMIII-MMIA,3382.83,EMII-III,prepal,89,VTM10,100,660282,3884013,100,5.642,0.5,0.3,30.90193616,,,
VRO,TM10,MMIB-II,3382.83,MMI-II,proto,221,VTM10,3000,660282,3884013,3000,30.902,30,18,239.3653682,,,
VRO,TM10,ORIENT-ARCH,3382.83,ORIENT-ECLA,greek,42,VTM10,3000,660282,3884013,3000,30.902,30,18,239.3653682,,,
VRO,TM11,ORIENT-ARCH,872.295,ORIENT-ECLA,greek,43,VTM11,600,660280,3884170,600,13.82,3,1.8,75.69397566,,,
VRO,TM1A,MMIB-II,13551.4,MMI-II,proto,215,VTM1A,10000,659248,3884392,10000,56.419,100,60,437.0193722,,,
VRO,TM1A,MMIII-LMI,13551.4,MMIII-LMIB,neo,166,VTM1A,10000,659248,3884392,10000,56.419,100,60,437.0193722,,,
VRO,TM1B,HEL-RMN,841.285,,greco-rmn,0,VTM1B,100,659436,3884388,100,5.642,0.5,0.3,30.90193616,,,
VRO,TM2,MMIB-II,14978.4,MMI-II,proto,216,VTM2,13000,658870,3884381,13000,64.328,130,78,498.2787485,,,
VRO,TM2,MMIII-LMI,14978.4,MMIII-LMIB,neo,167,VTM2,13000,658870,3884381,13000,64.328,130,78,498.2787485,,,
VRO,TM2,HEL-RMN,14978.4,ROMAN,greco-rmn,117,VTM2,13000,658870,3884381,13000,64.328,130,78,498.2787485,,,
VRO,TM3,HEL-RMN,9458.94,ROMAN,greco-rmn,118,VTM3,100,658603,3884483,100,5.642,0.5,0.3,30.90193616,,,
VRO,TM3,MMIB-II,9458.94,MMI-II,proto,217,VTM3,10000,658603,3884483,10000,56.419,100,60,437.0193722,,,
VRO,TM4,MMIB-II,6079.97,MMI-II,proto,218,VTM4,8000,659624,3884343,8000,50.463,80,48,390.8820095,,,
VRO,TM4,HEL-RMN,6079.97,ROMAN,greco-rmn,119,VTM4,8000,659624,3884343,8000,50.463,80,48,390.8820095,,,
VRO,TM7,MMIB-II,24760.5,MMI-II,proto,219,VTM7,5600,659740,3884665,5600,42.22,56,33.6,327.0353525,,,
VRO,TM8,MMIB-II,696.518,MMI-II,proto,220,VTM8,100,658281,3884290,100,5.642,0.5,0.3,30.90193616,,,
VRO,TS1,MMIB-II,1957.7,MMI-II,proto,222,VTS1,400,656862,3885024,400,11.284,2,1.2,61.80387232,,,
VRO,TS3,MMIB-II,1259.59,MMI-II,proto,223,VTS3,600,656904,3884663,600,13.82,3,1.8,75.69397566,,,
VRO,VK1,FN,24923.2,FN/EMI,prepal,47,VVK1,100,658818,3887482,100,5.642,0.5,0.3,30.90193616,,,
VRO,VK1,EMI-II,24923.2,FN-EMI/IIA,prepal,86,VVK1,100,658818,3887480,100,5.642,0.5,0.3,30.90193616,,,
VRO,VK1,LMIIIA-IIIB,24923.2,LMIIIA-IIIB,postpal,48,VVK1,100,658818,3887482,100,5.642,0.5,0.3,30.90193616,,,
VRO,VK1,MMIB-II,24923.2,MMI-II,proto,224,VVK1,5600,658818,3887482,5600,42.22,56,33.6,327.0353525,,,
VRO,VK1,MMIII-LMI,24923.2,MMIII-LMIB,neo,168,VVK1,5600,658818,3887482,5600,42.22,56,33.6,327.0353525,,,
VRO,VK1,LMIIIC-GEO,24923.2,LMIIIC-GEO,sub-min,52,VVK1,37500,658818,3887482,37500,109.255,562.5,337.5,1036.482448,,,
VRO,VK10,LMIIIC-GEO,1558.74,LMIIIC-GEO,sub-min,58,VVK10,600,658552,3886929,600,13.82,3,1.8,75.69397566,,,
VRO,VK11,LMIIIC-GEO,1222.01,LMIIIC-GEO,sub-min,0,VVK11,100,658625,3887247,100,5.642,0.5,0.3,30.90193616,,,
VRO,VK12,MMIB-II,1134.32,MMI-II,proto,228,VVK12,300,658499,3886459,300,9.772,1.5,0.9,53.52372348,,,
VRO,VK12,LMIIIC-GEO,1134.32,LMIIIC-GEO,sub-min,60,VVK12,300,658499,3886459,300,9.772,1.5,0.9,53.52372348,,,
VRO,VK14,LMIIIC-GEO,1568.94,LMIIIC-GEO,sub-min,61,VVK14,400,658650,3887133,400,11.284,2,1.2,61.80387232,,,
VRO,VK15,LMIIIC-GEO,550.675,LMIIIC-GEO,sub-min,62,VVK15,100,658387,3886666,100,5.642,0.5,0.3,30.90193616,,,
VRO,VK2,LMIIIC-GEO,3085.1,LMIIIC-GEO,sub-min,53,VVK2,3800,658738,3887278,3800,34.779,38,22.8,269.3968338,,,
VRO,VK3,MMIB-II,4054.17,MMI-II,proto,225,VVK3,4200,658499,3886669,4200,36.564,42,25.2,283.2209232,,,
VRO,VK3,LMIIIC-GEO,4054.17,LMIIIC-GEO,sub-min,54,VVK3,4200,658499,3886669,4200,36.564,42,25.2,283.2209232,,,
VRO,VK4,LMIIIC-GEO,1183.33,LMIIIC-GEO,sub-min,55,VVK4,400,658679,3886723,400,11.284,2,1.2,61.80387232,,,
VRO,VK5,MMIII-LMI,3924.12,MMIII-LMIB,neo,169,VVK5,3000,658438,3886607,3000,30.902,30,18,239.3653682,,,
VRO,VK5,LMIIIA-IIIB,3924.12,LMIIIA-IIIB,postpal,49,VVK5,3000,658438,3886607,3000,30.902,30,18,239.3653682,,,
VRO,VK5,LMIIIC-GEO,3924.12,LMIIIC-GEO,sub-min,56,VVK5,3000,658438,3886607,3000,30.902,30,18,239.3653682,,,
VRO,VK6/8,MMIII-LMI,20477.5,MMIII-LMIB,neo,170,VVK6/8,100,658786,3886433,100,5.642,0.5,0.3,30.90193616,,,
VRO,VK6/8,MMIB-II,20477.5,MMI-II,proto,226,VVK6/8,21000,658786,3886433,21000,81.759,315,189,775.6324419,,,
VRO,VK7,EMI-II,7279.98,,prepal,0,VVK7,100,658961,3886540,100,5.642,0.5,0.3,30.90193616,,,
VRO,VK7,EMIII-MMIA,7279.98,EMII-III,prepal,90,VVK7,9000,658961,3886544,9000,53.524,90,54,414.5929794,,,
VRO,VK7,MMIB-II,7279.98,MMI-II,proto,227,VVK7,9000,658961,3886544,9000,53.524,90,54,414.5929794,,,
VRO,VK9,LMIIIC-GEO,494.333,LMIIIC-GEO,sub-min,57,VVK9,100,658508,3887057,100,5.642,0.5,0.3,30.90193616,,,
VRO,VN1,EMIII-MMIA,13015.2,EMII-III,prepal,91,VVN1,100,660460,3888556,100,5.642,0.5,0.3,30.90193616,,,
VRO,VN1,FN,13015.2,FN-EMIIA,prepal,38,VVN1,3800,660460,3888556,3800,34.779,38,22.8,269.3968338,,,
VRO,VN1,EMI-II,13015.2,FN-EMI/IIA,prepal,77,VVN1,3800,660460,3888560,3800,34.779,38,22.8,269.3968338,,,
VRO,VN1,HEL-RMN,13015.2,ROMAN,greco-rmn,122,VVN1,5000,660460,3888556,5000,39.894,50,30,309.0193616,,,
VRO,VN2,MMIB-II,8025.72,MMI-II,proto,229,VVN2,100,660096,3888460,100,5.642,0.5,0.3,30.90193616,,,
VRO,VN2,EMIII-MMIA,8025.72,EMII-III,prepal,92,VVN2,3000,660096,3888460,3000,30.902,30,18,239.3653682,,,
VRO,VN2,FN,8025.72,FN-EMIIA,prepal,39,VVN2,3000,660096,3888460,3000,30.902,30,18,239.3653682,,,
VRO,VN2,EMI-II,8025.72,FN-EMI/IIA,prepal,78,VVN2,3000,660096,3888460,3000,30.902,30,18,239.3653682,,,
VRO,VN3,HEL-RMN,1236.06,ROMAN,greco-rmn,123,VVN3,100,660178,3888329,100,5.642,0.5,0.3,30.90193616,,,
VRO,X17,HEL-RMN,329.061,ROMAN,greco-rmn,124,VX17,100,659128,3883666,100,5.642,0.5,0.3,30.90193616,,,
